Variable,Label,Levels
StartDate,StartDate: Start Date,166 unique values
EndDate,EndDate: End Date,166 unique values
Status,Status: Response Type,IP Address
Progress,Progress: Progress,100
Duration (in seconds),Duration (in seconds): Duration (in seconds),156 unique values
Finished,Finished: Finished,TRUE
RecordedDate,RecordedDate: Recorded Date,166 unique values
RecipientLastName,RecipientLastName: Recipient Last Name,
RecipientFirstName,RecipientFirstName: Recipient First Name,
RecipientEmail,RecipientEmail: Recipient Email,
ExternalReference,ExternalReference: External Data Reference,
LocationLatitude,LocationLatitude: Location Latitude,106 unique values
LocationLongitude,LocationLongitude: Location Longitude,106 unique values
DistributionChannel,DistributionChannel: Distribution Channel,anonymous
UserLanguage,UserLanguage: User Language,FR
Q75_Browser,Q75_Browser: Click to write the question text - Browser,Chrome | Chrome iPhone | Edge | Firefox | Safari | Safari iPad | Safari iPhone
Q75_Version,Q75_Version: Click to write the question text - Version,109.0.0.0 | 115.0 | 135.0.7049.53 | 136.0.0.0 | 140.0 | 140.0.0.0 | 141.0.0.0 | 143.0.7499.151 | 144.0.0.0 | 145.0.0.0 | 145.0.7632.108 | 145.0.7632.120 | 145.0.7632.122 | 145.0.7632.159 | 145.0.7632.79 | 145.0.7632.80 | 147.0 | 148.0 | 17.5 | 17.6 | 18.1 | 18.1.1 | 18.6 | 26.0 | 26.2 | 26.3 | 26.3.1 | 26.4 | 537.36 | Unknown
Q75_Operating System,Q75_Operating System: Click to write the question text - Operating System,Android 10 | Android 11 | Android 12 | Android 13 | Android 14 | Android 15 | Android 16 | CrOS x86_64 14541.0.0 | iPad | iPhone | Linux x86_64 | Macintosh | Ubuntu | Windows NT 10.0 | Windows NT 6.1
Q75_Resolution,Q75_Resolution: Click to write the question text - Resolution,51 unique values
interview,"interview: Ce questionnaire a entre autres pour but de recruter des personnes pour un entretien avec un chercheur, qui portera sur vos préoccupations et vos valeurs. §Seriez-vous intéressé⋅e par un entretien rémunéré avec un chercheur (par visioconférence) ?§§Si c'est le cas, merci de renseigner votre e-mail :",66 unique values
gender,gender: Quel est votre genre ?,Femme | Homme
age_exact,age_exact: Quel âge avez-vous ?,Entre 18 et 20 ans | Entre 21 et 24 ans | Entre 25 et 29 ans | Entre 30 et 34 ans | Entre 35 et 39 ans | Entre 40 et 44 ans | Entre 45 et 49 ans | Entre 50 et 54 ans | Entre 55 et 59 ans | Entre 60 et 64 ans | Entre 65 et 69 ans | Entre 70 et 74 ans | Entre 75 et 79 ans
foreign,foreign: Êtes-vous né⋅e ou vos parents sont-ils nés dans un pays étranger ?,"Non, je suis né⋅e en France et mes parents aussi | Oui, je suis né à l'étranger | Pas moi mais mes deux parents sont nés à l'étranger | Pas moi mais un de mes parents est né à l'étranger"
couple,couple: Vivez-vous avec votre partenaire (si vous en avez un) ?,Non | Oui
hh_size,"hh_size: Combien de personnes composent votre ménage ?§§Le ménage inclut : vous, votre conjoint, les membres de votre famille qui vivent avec vous, et les personnes à votre charge (pas les colocataires).",1 | 2 | 3 | 4 | 5 ou plus
Nb_children__14,Nb_children__14: Combien d'enfants de moins de 14 ans vivent avec vous ?,0 | 1 | 2 | 3
income,"income: Quel est le revenu [periodicity_text: mensuel] [income_type: brut] de votre ménage [income_type_long: après impôts et prestations sociales] ?§§Sont inclus ici tous les revenus : salaires, pensions, allocations, revenus fonciers, etc.",between $100 and $200 | between $201 and $250 | between $251 and $300 | between $301 and $400 | between $401 and $500 | between $501 and $600 | between $601 and $700 | between $701 and $750 | between $751 and $800 | between $801 and $900 | less than $100 | more than $900 | Ne souhaite pas répondre
education,education: Quel est votre plus haut niveau de diplôme ?,2 Some high school | 3-4 Vocational training | 3 High school diploma | 5 Short-cycle tertiary | 6 Bachelor's | 7-8 Master's or higher
employment_status,employment_status: Quel est votre statut d'emploi ?,Au chômage (en recherche d'emploi) | Employé⋅e à temps partiel | Employé⋅e à temps plein | Étudiant⋅e | Inactif/ve (sans recherche d'emploi) | Indépendant⋅e | Retraité⋅e
zipcode,zipcode: Quel est votre code postal ?§§Nous demandons le code postal afin d'équilibrer l'échantillon en termes de type d'urbanisation (urbain ou rural). L'enquête sera stoppée si votre code postal n'est pas reconnu.,152 unique values
home_1,home_1: Êtes-vous propriétaire ou locataire ? (Réponses multiples possible) - Locataire,Locataire
home_2,home_2: Êtes-vous propriétaire ou locataire ? (Réponses multiples possible) - Propriétaire occupant,Propriétaire occupant
home_3,home_3: Êtes-vous propriétaire ou locataire ? (Réponses multiples possible) - Propriétaire bailleur,Propriétaire bailleur
home_4,home_4: Êtes-vous propriétaire ou locataire ? (Réponses multiples possible) - Hébergé⋅e gratuitement,Hébergé⋅e gratuitement
wealth,"wealth: À combien estimez-vous le patrimoine net de votre ménage ?§§Le patrimoine net comprend tout ce que vous et votre partenaire détenez (immobilier, assurances vie, comptes bancaires, véhicules, objets de valeur, actions...), net de dettes. Par exemple, si vous avez une maison qui vaut 250 000 €, 50 000 € sur une assurance vie, et 100 000 € de crédit restant à rembourser, votre patrimoine net s'élève à 250k + 50k - 100k = 200 000 €.",Entre 100 000 € et 200 000 € | Entre 200 000 € et 300 000 € | Entre 25 000 et 100 000 € | Entre 300 000 € et 400 000 € | Entre 400 000 € et 700 000 € | Entre 700 000 € et 1 million d'euros | Moins de 25 000 € | Ne souhaite pas répondre | Plus d'un million d'euros
millionaire,millionaire: Est-ce probable ou pas que vous deveniez un jour millionnaire ?,Je suis déjà millionnaire | Peu probable | Probable | Très peu probable | Très probable
voted,voted: Avez-vous voté pour un candidat aux élections européennes de 2024 ?,Je n'avais pas le droit de voter en France | Je préfère ne pas répondre | Non | Oui
vote_FR,"vote_FR: [text_vote: Which candidate did you vote for in the [election: 2024 European Parliament election]?§Even if you did not vote in the [election: 2024 European Parliament election], please indicate the candidate that you were most likely to have voted for or who represents your views more closely.]","La France insoumise | Les Écologistes – EÉLV | Les Républicains | Other | Parti animaliste | Parti Communiste Français | Parti Socaliste & Place publique | Prefer not to say | Rassemblement National | Reconquête | Renaissance, MoDem & Horizons | Résistons (Jean Lassalle)"
trust,"trust: En général, faites-vous confiance aux responsables politiques pour agir en faveur de l'intérêt général (de 0 à 10) ?",1 | 2 | 3 | 4 | 5 | 6 | 7 | 8 | Pas du tout confiance0 | Tout à fait confiance10
effect_program_1,"effect_program_1: Pour chacune des mesures ci-dessous, sa présence dans le programme d'un candidat à l'élection présidentielle de 2027 vous rendrait-elle plus ou moins favorable à ce candidat ? - Réduire l’aide au développement pour les pays à bas revenus",Beaucoup moins favorable | Beaucoup plus favorable | Moins favorable | Ne changerait rien | Plus favorable
effect_program_2,"effect_program_2: Pour chacune des mesures ci-dessous, sa présence dans le programme d'un candidat à l'élection présidentielle de 2027 vous rendrait-elle plus ou moins favorable à ce candidat ? - Proposer à l'ONU une taxe internationale sur les millionnaires, dont 30% financerait la santé et l’éducation dans les pays à bas revenus",Beaucoup moins favorable | Beaucoup plus favorable | Moins favorable | Ne changerait rien | Plus favorable
effect_program_3,"effect_program_3: Pour chacune des mesures ci-dessous, sa présence dans le programme d'un candidat à l'élection présidentielle de 2027 vous rendrait-elle plus ou moins favorable à ce candidat ? - Pour les milliardaires, mettre fin à l'exonération d'impôts sur l'héritage (pacte Dutreil)",Beaucoup moins favorable | Beaucoup plus favorable | Moins favorable | Ne changerait rien | Plus favorable
effect_program_4,"effect_program_4: Pour chacune des mesures ci-dessous, sa présence dans le programme d'un candidat à l'élection présidentielle de 2027 vous rendrait-elle plus ou moins favorable à ce candidat ? - Augmenter le budget de l'éducation nationale et de la santé",Beaucoup moins favorable | Beaucoup plus favorable | Moins favorable | Ne changerait rien | Plus favorable
effect_program_5,"effect_program_5: Pour chacune des mesures ci-dessous, sa présence dans le programme d'un candidat à l'élection présidentielle de 2027 vous rendrait-elle plus ou moins favorable à ce candidat ? - Augmenter les allocations familiales",Beaucoup moins favorable | Beaucoup plus favorable | Moins favorable | Ne changerait rien | Plus favorable
effect_program_6,"effect_program_6: Pour chacune des mesures ci-dessous, sa présence dans le programme d'un candidat à l'élection présidentielle de 2027 vous rendrait-elle plus ou moins favorable à ce candidat ? - Réduire le déficit public sous les 3% du PIB et stabiliser l'endettement public d'ici 2032",Beaucoup moins favorable | Beaucoup plus favorable | Moins favorable | Ne changerait rien | Plus favorable
effect_program_7,"effect_program_7: Pour chacune des mesures ci-dessous, sa présence dans le programme d'un candidat à l'élection présidentielle de 2027 vous rendrait-elle plus ou moins favorable à ce candidat ? - Réduire significativement les dépenses de fonctionnement de l'État",Beaucoup moins favorable | Beaucoup plus favorable | Moins favorable | Ne changerait rien | Plus favorable
effect_program_8,"effect_program_8: Pour chacune des mesures ci-dessous, sa présence dans le programme d'un candidat à l'élection présidentielle de 2027 vous rendrait-elle plus ou moins favorable à ce candidat ? - Restreindre l'accès aux aides sociales, à l'aide médicale et aux logements sociaux pour les étrangers",Beaucoup moins favorable | Beaucoup plus favorable | Moins favorable | Ne changerait rien | Plus favorable
effect_program_9,"effect_program_9: Pour chacune des mesures ci-dessous, sa présence dans le programme d'un candidat à l'élection présidentielle de 2027 vous rendrait-elle plus ou moins favorable à ce candidat ? - Mettre en œuvre systématiquement les Obligations de Quitter le Territoire Français (OQTF)",Beaucoup moins favorable | Beaucoup plus favorable | Moins favorable | Ne changerait rien | Plus favorable
effect_program_10,"effect_program_10: Pour chacune des mesures ci-dessous, sa présence dans le programme d'un candidat à l'élection présidentielle de 2027 vous rendrait-elle plus ou moins favorable à ce candidat ? - Régulariser les travailleurs sans-papiers dans les métiers en tension",Beaucoup moins favorable | Beaucoup plus favorable | Moins favorable | Ne changerait rien | Plus favorable
effect_program_11,"effect_program_11: Pour chacune des mesures ci-dessous, sa présence dans le programme d'un candidat à l'élection présidentielle de 2027 vous rendrait-elle plus ou moins favorable à ce candidat ? - Instaurer des peines planchers pour les récidivistes ainsi que la responsabilité pénale à 16 ans",Beaucoup moins favorable | Beaucoup plus favorable | Moins favorable | Ne changerait rien | Plus favorable
effect_program_12,"effect_program_12: Pour chacune des mesures ci-dessous, sa présence dans le programme d'un candidat à l'élection présidentielle de 2027 vous rendrait-elle plus ou moins favorable à ce candidat ? - Augmenter l'âge légal de départ à la retraite, à 65 ans",Beaucoup moins favorable | Beaucoup plus favorable | Moins favorable | Ne changerait rien | Plus favorable
effect_program_13,"effect_program_13: Pour chacune des mesures ci-dessous, sa présence dans le programme d'un candidat à l'élection présidentielle de 2027 vous rendrait-elle plus ou moins favorable à ce candidat ? - Restaurer l'âge légal de départ à la retraite à 62 ans",Beaucoup moins favorable | Beaucoup plus favorable | Moins favorable | Ne changerait rien | Plus favorable
effect_program_14,"effect_program_14: Pour chacune des mesures ci-dessous, sa présence dans le programme d'un candidat à l'élection présidentielle de 2027 vous rendrait-elle plus ou moins favorable à ce candidat ? - Augmenter le SMIC de 10%, à 1600€ net par mois",Beaucoup moins favorable | Beaucoup plus favorable | Moins favorable | Ne changerait rien | Plus favorable
effect_program_15,"effect_program_15: Pour chacune des mesures ci-dessous, sa présence dans le programme d'un candidat à l'élection présidentielle de 2027 vous rendrait-elle plus ou moins favorable à ce candidat ? - Instaurer le Référendum d’Initiative Citoyenne (RIC) dès qu'une proposition recueille 1 million de signatures",Beaucoup moins favorable | Beaucoup plus favorable | Moins favorable | Ne changerait rien | Plus favorable
effect_program_16,"effect_program_16: Pour chacune des mesures ci-dessous, sa présence dans le programme d'un candidat à l'élection présidentielle de 2027 vous rendrait-elle plus ou moins favorable à ce candidat ? - Élire les députés à la proportionnelle",Beaucoup moins favorable | Beaucoup plus favorable | Moins favorable | Ne changerait rien | Plus favorable
effect_program_17,"effect_program_17: Pour chacune des mesures ci-dessous, sa présence dans le programme d'un candidat à l'élection présidentielle de 2027 vous rendrait-elle plus ou moins favorable à ce candidat ? - Maintenir les politiques climatiques du Green Deal : prix carbone sur le pétrole et le gaz, normes pour sortir des voitures thermiques",Beaucoup moins favorable | Beaucoup plus favorable | Moins favorable | Ne changerait rien | Plus favorable
effect_program_DO_1,"effect_program_DO_1: Pour chacune des mesures ci-dessous, sa présence dans le programme d'un candidat à l'élection présidentielle de 2027 vous rendrait-elle plus ou moins favorable à ce candidat ? - Display Order - Réduire l’aide au développement pour les pays à bas revenus",1 | 10 | 11 | 12 | 13 | 14 | 15 | 16 | 17 | 2 | 3 | 4 | 5 | 6 | 7 | 8 | 9
effect_program_DO_2,"effect_program_DO_2: Pour chacune des mesures ci-dessous, sa présence dans le programme d'un candidat à l'élection présidentielle de 2027 vous rendrait-elle plus ou moins favorable à ce candidat ? - Display Order - Proposer à l'ONU une taxe internationale sur les millionnaires, dont 30% financerait la sant&eacute; et l&rsquo;&eacute;ducation dans les pays &agrave; bas revenus",1 | 10 | 11 | 12 | 13 | 14 | 15 | 16 | 17 | 2 | 3 | 4 | 5 | 6 | 7 | 8 | 9
effect_program_DO_3,"effect_program_DO_3: Pour chacune des mesures ci-dessous, sa présence dans le programme d'un candidat à l'élection présidentielle de 2027 vous rendrait-elle plus ou moins favorable à ce candidat ? - Display Order - Pour les milliardaires, mettre fin à l'exonération d'impôts sur l'héritage (pacte Dutreil)",1 | 10 | 11 | 12 | 13 | 14 | 15 | 16 | 17 | 2 | 3 | 4 | 5 | 6 | 7 | 8 | 9
effect_program_DO_4,"effect_program_DO_4: Pour chacune des mesures ci-dessous, sa présence dans le programme d'un candidat à l'élection présidentielle de 2027 vous rendrait-elle plus ou moins favorable à ce candidat ? - Display Order - Augmenter le budget de l'éducation nationale et de la santé",1 | 10 | 11 | 12 | 13 | 14 | 15 | 16 | 17 | 2 | 3 | 4 | 5 | 6 | 7 | 8 | 9
effect_program_DO_5,"effect_program_DO_5: Pour chacune des mesures ci-dessous, sa présence dans le programme d'un candidat à l'élection présidentielle de 2027 vous rendrait-elle plus ou moins favorable à ce candidat ? - Display Order - Augmenter les allocations familiales",1 | 10 | 11 | 12 | 13 | 14 | 15 | 16 | 17 | 2 | 3 | 4 | 5 | 6 | 7 | 8 | 9
effect_program_DO_6,"effect_program_DO_6: Pour chacune des mesures ci-dessous, sa présence dans le programme d'un candidat à l'élection présidentielle de 2027 vous rendrait-elle plus ou moins favorable à ce candidat ? - Display Order - Réduire le déficit public sous les 3% du PIB et stabiliser l'endettement public d'ici 2032",1 | 10 | 11 | 12 | 13 | 14 | 15 | 16 | 17 | 2 | 3 | 4 | 5 | 6 | 7 | 8 | 9
effect_program_DO_7,"effect_program_DO_7: Pour chacune des mesures ci-dessous, sa présence dans le programme d'un candidat à l'élection présidentielle de 2027 vous rendrait-elle plus ou moins favorable à ce candidat ? - Display Order - Réduire significativement les dépenses de fonctionnement de l'État",1 | 10 | 11 | 12 | 13 | 14 | 15 | 16 | 17 | 2 | 3 | 4 | 5 | 6 | 7 | 8 | 9
effect_program_DO_8,"effect_program_DO_8: Pour chacune des mesures ci-dessous, sa présence dans le programme d'un candidat à l'élection présidentielle de 2027 vous rendrait-elle plus ou moins favorable à ce candidat ? - Display Order - Restreindre l'accès aux aides sociales, à l'aide médicale et aux logements sociaux pour les étrangers",1 | 10 | 11 | 12 | 13 | 14 | 15 | 16 | 17 | 2 | 3 | 4 | 5 | 6 | 7 | 8 | 9
effect_program_DO_9,"effect_program_DO_9: Pour chacune des mesures ci-dessous, sa présence dans le programme d'un candidat à l'élection présidentielle de 2027 vous rendrait-elle plus ou moins favorable à ce candidat ? - Display Order - Mettre en œuvre systématiquement les Obligations de Quitter le Territoire Français (OQTF)",1 | 10 | 11 | 12 | 13 | 14 | 15 | 16 | 17 | 2 | 3 | 4 | 5 | 6 | 7 | 8 | 9
effect_program_DO_10,"effect_program_DO_10: Pour chacune des mesures ci-dessous, sa présence dans le programme d'un candidat à l'élection présidentielle de 2027 vous rendrait-elle plus ou moins favorable à ce candidat ? - Display Order - Régulariser les travailleurs sans-papiers dans les métiers en tension",1 | 10 | 11 | 12 | 13 | 14 | 15 | 16 | 17 | 2 | 3 | 4 | 5 | 6 | 7 | 8 | 9
effect_program_DO_11,"effect_program_DO_11: Pour chacune des mesures ci-dessous, sa présence dans le programme d'un candidat à l'élection présidentielle de 2027 vous rendrait-elle plus ou moins favorable à ce candidat ? - Display Order - Instaurer des peines planchers pour les récidivistes ainsi que la responsabilité pénale à 16 ans",1 | 10 | 11 | 12 | 13 | 14 | 15 | 16 | 17 | 2 | 3 | 4 | 5 | 6 | 7 | 8 | 9
effect_program_DO_12,"effect_program_DO_12: Pour chacune des mesures ci-dessous, sa présence dans le programme d'un candidat à l'élection présidentielle de 2027 vous rendrait-elle plus ou moins favorable à ce candidat ? - Display Order - Augmenter l'âge légal de départ à la retraite, à 65 ans",1 | 10 | 11 | 12 | 13 | 14 | 15 | 16 | 17 | 2 | 3 | 4 | 5 | 6 | 7 | 8 | 9
effect_program_DO_13,"effect_program_DO_13: Pour chacune des mesures ci-dessous, sa présence dans le programme d'un candidat à l'élection présidentielle de 2027 vous rendrait-elle plus ou moins favorable à ce candidat ? - Display Order - Restaurer l'âge légal de départ à la retraite à 62 ans",1 | 10 | 11 | 12 | 13 | 14 | 15 | 16 | 17 | 2 | 3 | 4 | 5 | 6 | 7 | 8 | 9
effect_program_DO_14,"effect_program_DO_14: Pour chacune des mesures ci-dessous, sa présence dans le programme d'un candidat à l'élection présidentielle de 2027 vous rendrait-elle plus ou moins favorable à ce candidat ? - Display Order - Augmenter le SMIC de 10%, à 1600€ net par mois",1 | 10 | 11 | 12 | 13 | 14 | 15 | 16 | 17 | 2 | 3 | 4 | 5 | 6 | 7 | 8 | 9
effect_program_DO_15,"effect_program_DO_15: Pour chacune des mesures ci-dessous, sa présence dans le programme d'un candidat à l'élection présidentielle de 2027 vous rendrait-elle plus ou moins favorable à ce candidat ? - Display Order - Instaurer le Référendum d’Initiative Citoyenne (RIC) dès qu'une proposition recueille 1 million de signatures",1 | 10 | 11 | 12 | 13 | 14 | 15 | 16 | 17 | 2 | 3 | 4 | 5 | 6 | 7 | 8 | 9
effect_program_DO_16,"effect_program_DO_16: Pour chacune des mesures ci-dessous, sa présence dans le programme d'un candidat à l'élection présidentielle de 2027 vous rendrait-elle plus ou moins favorable à ce candidat ? - Display Order - Élire les députés à la proportionnelle",1 | 10 | 11 | 12 | 13 | 14 | 15 | 16 | 17 | 2 | 3 | 4 | 5 | 6 | 7 | 8 | 9
effect_program_DO_17,"effect_program_DO_17: Pour chacune des mesures ci-dessous, sa présence dans le programme d'un candidat à l'élection présidentielle de 2027 vous rendrait-elle plus ou moins favorable à ce candidat ? - Display Order - Maintenir les politiques climatiques du Green Deal : prix carbone sur le pétrole et le gaz, normes pour sortir des voitures thermiques",1 | 10 | 11 | 12 | 13 | 14 | 15 | 16 | 17 | 2 | 3 | 4 | 5 | 6 | 7 | 8 | 9
field_program,field_program: Y a-t-il d'autres mesures qui seront déterminantes pour vous pour juger le programme d'un candidat ?,"Arrêter de taxer les gens sans enfants qui paient tout pour les gens avec enfants, revenir à l'equitabilite | Augmentation des petites retraites. | augmenté effectif et infrastructure de la police et gendarmerie | Diminué les aides sociales de ceux qui ne travaille pas plus rapidement | Fccg | Je ne sais pas | L’ecologie et sa prise en compte du rechauffement climatique | L’égalité hommes/femmes , la protection des enfants, des logements pour tous, des repas pour tous , contre la racisme | La prise en compte du vote blanc comme vote exprimé. | Le programme | Lutter encore plus contre l'insécurité | Ne sait pas | non | Non | NON | Nsp | Oui je suis en train de faire | planning de travail | Poublicitet | ras | Réduire les inégalités et réduire l'accaparement de la richesse par une minorité (problème mondial) | Réinventé les charges sociales des entreprises et la fiscalité dans son ensemble | Rétablir la taxe d'habitation pour les hauts revenus, supprimer les repas à 1€ pour les étudiants de parents aisés. | Revoir le fonctionnement des prisons et certaines lois qui mettent en avant les délinquants | Rien | S'attaquer aux fraudes fiscales des riches | S'occuper du changement climatique et de la pollution. | Salaire universel | une justice moins laxiste avec des peines fermes"
budget_progressistes_1,"budget_progressistes_1: Le déficit public français s'est établi à 5 % du PIB en 2025. Le Conseil d'Analyse Économique recommande de le ramener à 2,7 % du PIB afin de stabiliser la dette et se prémunir contre une§prochaine crise économique. Cela implique de prendre des mesures d'économie pour un total de 90 milliards d'euros dans les cinq prochaines années. §§Voici une liste de mesures de réduction des dépenses ou de hausse des recettes, avec le montant que chacune permettrait d'économiser. §Veuillez indiquer votre évaluation pour chaque mesure : souhaitable quel que soit l'objectif de réduction du déficit, convenable dans l'optique de réduction du déficit, supportable dans cette optique, ou au contraire inacceptable.§Le total des économies réalisées par les mesures convenables ou souhaitables est affiché à gauche. - policy",Convenable | Inacceptable | Ne sais pas | Souhaitable | Supportable
budget_progressistes_2,"budget_progressistes_2: Le déficit public français s'est établi à 5 % du PIB en 2025. Le Conseil d'Analyse Économique recommande de le ramener à 2,7 % du PIB afin de stabiliser la dette et se prémunir contre une§prochaine crise économique. Cela implique de prendre des mesures d'économie pour un total de 90 milliards d'euros dans les cinq prochaines années. §§Voici une liste de mesures de réduction des dépenses ou de hausse des recettes, avec le montant que chacune permettrait d'économiser. §Veuillez indiquer votre évaluation pour chaque mesure : souhaitable quel que soit l'objectif de réduction du déficit, convenable dans l'optique de réduction du déficit, supportable dans cette optique, ou au contraire inacceptable.§Le total des économies réalisées par les mesures convenables ou souhaitables est affiché à gauche. - policy",Convenable | Inacceptable | Ne sais pas | Souhaitable | Supportable
budget_progressistes_3,"budget_progressistes_3: Le déficit public français s'est établi à 5 % du PIB en 2025. Le Conseil d'Analyse Économique recommande de le ramener à 2,7 % du PIB afin de stabiliser la dette et se prémunir contre une§prochaine crise économique. Cela implique de prendre des mesures d'économie pour un total de 90 milliards d'euros dans les cinq prochaines années. §§Voici une liste de mesures de réduction des dépenses ou de hausse des recettes, avec le montant que chacune permettrait d'économiser. §Veuillez indiquer votre évaluation pour chaque mesure : souhaitable quel que soit l'objectif de réduction du déficit, convenable dans l'optique de réduction du déficit, supportable dans cette optique, ou au contraire inacceptable.§Le total des économies réalisées par les mesures convenables ou souhaitables est affiché à gauche. - policy",Convenable | Inacceptable | Ne sais pas | Souhaitable | Supportable
budget_progressistes_4,"budget_progressistes_4: Le déficit public français s'est établi à 5 % du PIB en 2025. Le Conseil d'Analyse Économique recommande de le ramener à 2,7 % du PIB afin de stabiliser la dette et se prémunir contre une§prochaine crise économique. Cela implique de prendre des mesures d'économie pour un total de 90 milliards d'euros dans les cinq prochaines années. §§Voici une liste de mesures de réduction des dépenses ou de hausse des recettes, avec le montant que chacune permettrait d'économiser. §Veuillez indiquer votre évaluation pour chaque mesure : souhaitable quel que soit l'objectif de réduction du déficit, convenable dans l'optique de réduction du déficit, supportable dans cette optique, ou au contraire inacceptable.§Le total des économies réalisées par les mesures convenables ou souhaitables est affiché à gauche. - policy",Convenable | Inacceptable | Ne sais pas | Souhaitable | Supportable
budget_progressistes_5,"budget_progressistes_5: Le déficit public français s'est établi à 5 % du PIB en 2025. Le Conseil d'Analyse Économique recommande de le ramener à 2,7 % du PIB afin de stabiliser la dette et se prémunir contre une§prochaine crise économique. Cela implique de prendre des mesures d'économie pour un total de 90 milliards d'euros dans les cinq prochaines années. §§Voici une liste de mesures de réduction des dépenses ou de hausse des recettes, avec le montant que chacune permettrait d'économiser. §Veuillez indiquer votre évaluation pour chaque mesure : souhaitable quel que soit l'objectif de réduction du déficit, convenable dans l'optique de réduction du déficit, supportable dans cette optique, ou au contraire inacceptable.§Le total des économies réalisées par les mesures convenables ou souhaitables est affiché à gauche. - policy",Convenable | Inacceptable | Ne sais pas | Souhaitable | Supportable
budget_progressistes_6,"budget_progressistes_6: Le déficit public français s'est établi à 5 % du PIB en 2025. Le Conseil d'Analyse Économique recommande de le ramener à 2,7 % du PIB afin de stabiliser la dette et se prémunir contre une§prochaine crise économique. Cela implique de prendre des mesures d'économie pour un total de 90 milliards d'euros dans les cinq prochaines années. §§Voici une liste de mesures de réduction des dépenses ou de hausse des recettes, avec le montant que chacune permettrait d'économiser. §Veuillez indiquer votre évaluation pour chaque mesure : souhaitable quel que soit l'objectif de réduction du déficit, convenable dans l'optique de réduction du déficit, supportable dans cette optique, ou au contraire inacceptable.§Le total des économies réalisées par les mesures convenables ou souhaitables est affiché à gauche. - policy",Convenable | Inacceptable | Ne sais pas | Souhaitable | Supportable
budget_progressistes_7,"budget_progressistes_7: Le déficit public français s'est établi à 5 % du PIB en 2025. Le Conseil d'Analyse Économique recommande de le ramener à 2,7 % du PIB afin de stabiliser la dette et se prémunir contre une§prochaine crise économique. Cela implique de prendre des mesures d'économie pour un total de 90 milliards d'euros dans les cinq prochaines années. §§Voici une liste de mesures de réduction des dépenses ou de hausse des recettes, avec le montant que chacune permettrait d'économiser. §Veuillez indiquer votre évaluation pour chaque mesure : souhaitable quel que soit l'objectif de réduction du déficit, convenable dans l'optique de réduction du déficit, supportable dans cette optique, ou au contraire inacceptable.§Le total des économies réalisées par les mesures convenables ou souhaitables est affiché à gauche. - policy",Convenable | Inacceptable | Ne sais pas | Souhaitable | Supportable
budget_progressistes_8,"budget_progressistes_8: Le déficit public français s'est établi à 5 % du PIB en 2025. Le Conseil d'Analyse Économique recommande de le ramener à 2,7 % du PIB afin de stabiliser la dette et se prémunir contre une§prochaine crise économique. Cela implique de prendre des mesures d'économie pour un total de 90 milliards d'euros dans les cinq prochaines années. §§Voici une liste de mesures de réduction des dépenses ou de hausse des recettes, avec le montant que chacune permettrait d'économiser. §Veuillez indiquer votre évaluation pour chaque mesure : souhaitable quel que soit l'objectif de réduction du déficit, convenable dans l'optique de réduction du déficit, supportable dans cette optique, ou au contraire inacceptable.§Le total des économies réalisées par les mesures convenables ou souhaitables est affiché à gauche. - policy",Convenable | Inacceptable | Ne sais pas | Souhaitable | Supportable
budget_progressistes_9,"budget_progressistes_9: Le déficit public français s'est établi à 5 % du PIB en 2025. Le Conseil d'Analyse Économique recommande de le ramener à 2,7 % du PIB afin de stabiliser la dette et se prémunir contre une§prochaine crise économique. Cela implique de prendre des mesures d'économie pour un total de 90 milliards d'euros dans les cinq prochaines années. §§Voici une liste de mesures de réduction des dépenses ou de hausse des recettes, avec le montant que chacune permettrait d'économiser. §Veuillez indiquer votre évaluation pour chaque mesure : souhaitable quel que soit l'objectif de réduction du déficit, convenable dans l'optique de réduction du déficit, supportable dans cette optique, ou au contraire inacceptable.§Le total des économies réalisées par les mesures convenables ou souhaitables est affiché à gauche. - policy",Convenable | Inacceptable | Ne sais pas | Souhaitable | Supportable
budget_progressistes_10,"budget_progressistes_10: Le déficit public français s'est établi à 5 % du PIB en 2025. Le Conseil d'Analyse Économique recommande de le ramener à 2,7 % du PIB afin de stabiliser la dette et se prémunir contre une§prochaine crise économique. Cela implique de prendre des mesures d'économie pour un total de 90 milliards d'euros dans les cinq prochaines années. §§Voici une liste de mesures de réduction des dépenses ou de hausse des recettes, avec le montant que chacune permettrait d'économiser. §Veuillez indiquer votre évaluation pour chaque mesure : souhaitable quel que soit l'objectif de réduction du déficit, convenable dans l'optique de réduction du déficit, supportable dans cette optique, ou au contraire inacceptable.§Le total des économies réalisées par les mesures convenables ou souhaitables est affiché à gauche. - policy",Convenable | Inacceptable | Ne sais pas | Souhaitable | Supportable
budget_progressistes_11,"budget_progressistes_11: Le déficit public français s'est établi à 5 % du PIB en 2025. Le Conseil d'Analyse Économique recommande de le ramener à 2,7 % du PIB afin de stabiliser la dette et se prémunir contre une§prochaine crise économique. Cela implique de prendre des mesures d'économie pour un total de 90 milliards d'euros dans les cinq prochaines années. §§Voici une liste de mesures de réduction des dépenses ou de hausse des recettes, avec le montant que chacune permettrait d'économiser. §Veuillez indiquer votre évaluation pour chaque mesure : souhaitable quel que soit l'objectif de réduction du déficit, convenable dans l'optique de réduction du déficit, supportable dans cette optique, ou au contraire inacceptable.§Le total des économies réalisées par les mesures convenables ou souhaitables est affiché à gauche. - policy",Convenable | Inacceptable | Ne sais pas | Souhaitable | Supportable
budget_progressistes_12,"budget_progressistes_12: Le déficit public français s'est établi à 5 % du PIB en 2025. Le Conseil d'Analyse Économique recommande de le ramener à 2,7 % du PIB afin de stabiliser la dette et se prémunir contre une§prochaine crise économique. Cela implique de prendre des mesures d'économie pour un total de 90 milliards d'euros dans les cinq prochaines années. §§Voici une liste de mesures de réduction des dépenses ou de hausse des recettes, avec le montant que chacune permettrait d'économiser. §Veuillez indiquer votre évaluation pour chaque mesure : souhaitable quel que soit l'objectif de réduction du déficit, convenable dans l'optique de réduction du déficit, supportable dans cette optique, ou au contraire inacceptable.§Le total des économies réalisées par les mesures convenables ou souhaitables est affiché à gauche. - policy",Convenable | Inacceptable | Ne sais pas | Souhaitable | Supportable
budget_progressistes_13,"budget_progressistes_13: Le déficit public français s'est établi à 5 % du PIB en 2025. Le Conseil d'Analyse Économique recommande de le ramener à 2,7 % du PIB afin de stabiliser la dette et se prémunir contre une§prochaine crise économique. Cela implique de prendre des mesures d'économie pour un total de 90 milliards d'euros dans les cinq prochaines années. §§Voici une liste de mesures de réduction des dépenses ou de hausse des recettes, avec le montant que chacune permettrait d'économiser. §Veuillez indiquer votre évaluation pour chaque mesure : souhaitable quel que soit l'objectif de réduction du déficit, convenable dans l'optique de réduction du déficit, supportable dans cette optique, ou au contraire inacceptable.§Le total des économies réalisées par les mesures convenables ou souhaitables est affiché à gauche. - policy",Convenable | Inacceptable | Ne sais pas | Souhaitable | Supportable
budget_progressistes_14,"budget_progressistes_14: Le déficit public français s'est établi à 5 % du PIB en 2025. Le Conseil d'Analyse Économique recommande de le ramener à 2,7 % du PIB afin de stabiliser la dette et se prémunir contre une§prochaine crise économique. Cela implique de prendre des mesures d'économie pour un total de 90 milliards d'euros dans les cinq prochaines années. §§Voici une liste de mesures de réduction des dépenses ou de hausse des recettes, avec le montant que chacune permettrait d'économiser. §Veuillez indiquer votre évaluation pour chaque mesure : souhaitable quel que soit l'objectif de réduction du déficit, convenable dans l'optique de réduction du déficit, supportable dans cette optique, ou au contraire inacceptable.§Le total des économies réalisées par les mesures convenables ou souhaitables est affiché à gauche. - policy",Convenable | Inacceptable | Ne sais pas | Souhaitable | Supportable
budget_progressistes_15,"budget_progressistes_15: Le déficit public français s'est établi à 5 % du PIB en 2025. Le Conseil d'Analyse Économique recommande de le ramener à 2,7 % du PIB afin de stabiliser la dette et se prémunir contre une§prochaine crise économique. Cela implique de prendre des mesures d'économie pour un total de 90 milliards d'euros dans les cinq prochaines années. §§Voici une liste de mesures de réduction des dépenses ou de hausse des recettes, avec le montant que chacune permettrait d'économiser. §Veuillez indiquer votre évaluation pour chaque mesure : souhaitable quel que soit l'objectif de réduction du déficit, convenable dans l'optique de réduction du déficit, supportable dans cette optique, ou au contraire inacceptable.§Le total des économies réalisées par les mesures convenables ou souhaitables est affiché à gauche. - policy",Convenable | Inacceptable | Ne sais pas | Souhaitable | Supportable
budget_progressistes_16,"budget_progressistes_16: Le déficit public français s'est établi à 5 % du PIB en 2025. Le Conseil d'Analyse Économique recommande de le ramener à 2,7 % du PIB afin de stabiliser la dette et se prémunir contre une§prochaine crise économique. Cela implique de prendre des mesures d'économie pour un total de 90 milliards d'euros dans les cinq prochaines années. §§Voici une liste de mesures de réduction des dépenses ou de hausse des recettes, avec le montant que chacune permettrait d'économiser. §Veuillez indiquer votre évaluation pour chaque mesure : souhaitable quel que soit l'objectif de réduction du déficit, convenable dans l'optique de réduction du déficit, supportable dans cette optique, ou au contraire inacceptable.§Le total des économies réalisées par les mesures convenables ou souhaitables est affiché à gauche. - policy",Convenable | Inacceptable | Ne sais pas | Souhaitable | Supportable
budget_progressistes_17,"budget_progressistes_17: Le déficit public français s'est établi à 5 % du PIB en 2025. Le Conseil d'Analyse Économique recommande de le ramener à 2,7 % du PIB afin de stabiliser la dette et se prémunir contre une§prochaine crise économique. Cela implique de prendre des mesures d'économie pour un total de 90 milliards d'euros dans les cinq prochaines années. §§Voici une liste de mesures de réduction des dépenses ou de hausse des recettes, avec le montant que chacune permettrait d'économiser. §Veuillez indiquer votre évaluation pour chaque mesure : souhaitable quel que soit l'objectif de réduction du déficit, convenable dans l'optique de réduction du déficit, supportable dans cette optique, ou au contraire inacceptable.§Le total des économies réalisées par les mesures convenables ou souhaitables est affiché à gauche. - policy",Convenable | Inacceptable | Ne sais pas | Souhaitable | Supportable
budget_progressistes_18,"budget_progressistes_18: Le déficit public français s'est établi à 5 % du PIB en 2025. Le Conseil d'Analyse Économique recommande de le ramener à 2,7 % du PIB afin de stabiliser la dette et se prémunir contre une§prochaine crise économique. Cela implique de prendre des mesures d'économie pour un total de 90 milliards d'euros dans les cinq prochaines années. §§Voici une liste de mesures de réduction des dépenses ou de hausse des recettes, avec le montant que chacune permettrait d'économiser. §Veuillez indiquer votre évaluation pour chaque mesure : souhaitable quel que soit l'objectif de réduction du déficit, convenable dans l'optique de réduction du déficit, supportable dans cette optique, ou au contraire inacceptable.§Le total des économies réalisées par les mesures convenables ou souhaitables est affiché à gauche. - policy",Convenable | Inacceptable | Ne sais pas | Souhaitable | Supportable
budget_progressistes_19,"budget_progressistes_19: Le déficit public français s'est établi à 5 % du PIB en 2025. Le Conseil d'Analyse Économique recommande de le ramener à 2,7 % du PIB afin de stabiliser la dette et se prémunir contre une§prochaine crise économique. Cela implique de prendre des mesures d'économie pour un total de 90 milliards d'euros dans les cinq prochaines années. §§Voici une liste de mesures de réduction des dépenses ou de hausse des recettes, avec le montant que chacune permettrait d'économiser. §Veuillez indiquer votre évaluation pour chaque mesure : souhaitable quel que soit l'objectif de réduction du déficit, convenable dans l'optique de réduction du déficit, supportable dans cette optique, ou au contraire inacceptable.§Le total des économies réalisées par les mesures convenables ou souhaitables est affiché à gauche. - policy",Convenable | Inacceptable | Ne sais pas | Souhaitable | Supportable
budget_progressistes_20,"budget_progressistes_20: Le déficit public français s'est établi à 5 % du PIB en 2025. Le Conseil d'Analyse Économique recommande de le ramener à 2,7 % du PIB afin de stabiliser la dette et se prémunir contre une§prochaine crise économique. Cela implique de prendre des mesures d'économie pour un total de 90 milliards d'euros dans les cinq prochaines années. §§Voici une liste de mesures de réduction des dépenses ou de hausse des recettes, avec le montant que chacune permettrait d'économiser. §Veuillez indiquer votre évaluation pour chaque mesure : souhaitable quel que soit l'objectif de réduction du déficit, convenable dans l'optique de réduction du déficit, supportable dans cette optique, ou au contraire inacceptable.§Le total des économies réalisées par les mesures convenables ou souhaitables est affiché à gauche. - policy",Convenable | Inacceptable | Ne sais pas | Souhaitable | Supportable
budget_progressistes_21,"budget_progressistes_21: Le déficit public français s'est établi à 5 % du PIB en 2025. Le Conseil d'Analyse Économique recommande de le ramener à 2,7 % du PIB afin de stabiliser la dette et se prémunir contre une§prochaine crise économique. Cela implique de prendre des mesures d'économie pour un total de 90 milliards d'euros dans les cinq prochaines années. §§Voici une liste de mesures de réduction des dépenses ou de hausse des recettes, avec le montant que chacune permettrait d'économiser. §Veuillez indiquer votre évaluation pour chaque mesure : souhaitable quel que soit l'objectif de réduction du déficit, convenable dans l'optique de réduction du déficit, supportable dans cette optique, ou au contraire inacceptable.§Le total des économies réalisées par les mesures convenables ou souhaitables est affiché à gauche. - policy",Convenable | Inacceptable | Ne sais pas | Souhaitable | Supportable
budget_progressistes_22,"budget_progressistes_22: Le déficit public français s'est établi à 5 % du PIB en 2025. Le Conseil d'Analyse Économique recommande de le ramener à 2,7 % du PIB afin de stabiliser la dette et se prémunir contre une§prochaine crise économique. Cela implique de prendre des mesures d'économie pour un total de 90 milliards d'euros dans les cinq prochaines années. §§Voici une liste de mesures de réduction des dépenses ou de hausse des recettes, avec le montant que chacune permettrait d'économiser. §Veuillez indiquer votre évaluation pour chaque mesure : souhaitable quel que soit l'objectif de réduction du déficit, convenable dans l'optique de réduction du déficit, supportable dans cette optique, ou au contraire inacceptable.§Le total des économies réalisées par les mesures convenables ou souhaitables est affiché à gauche. - policy",Convenable | Inacceptable | Ne sais pas | Souhaitable | Supportable
budget_progressistes_23,"budget_progressistes_23: Le déficit public français s'est établi à 5 % du PIB en 2025. Le Conseil d'Analyse Économique recommande de le ramener à 2,7 % du PIB afin de stabiliser la dette et se prémunir contre une§prochaine crise économique. Cela implique de prendre des mesures d'économie pour un total de 90 milliards d'euros dans les cinq prochaines années. §§Voici une liste de mesures de réduction des dépenses ou de hausse des recettes, avec le montant que chacune permettrait d'économiser. §Veuillez indiquer votre évaluation pour chaque mesure : souhaitable quel que soit l'objectif de réduction du déficit, convenable dans l'optique de réduction du déficit, supportable dans cette optique, ou au contraire inacceptable.§Le total des économies réalisées par les mesures convenables ou souhaitables est affiché à gauche. - policy",Convenable | Inacceptable | Ne sais pas | Souhaitable | Supportable
budget_progressistes_24,"budget_progressistes_24: Le déficit public français s'est établi à 5 % du PIB en 2025. Le Conseil d'Analyse Économique recommande de le ramener à 2,7 % du PIB afin de stabiliser la dette et se prémunir contre une§prochaine crise économique. Cela implique de prendre des mesures d'économie pour un total de 90 milliards d'euros dans les cinq prochaines années. §§Voici une liste de mesures de réduction des dépenses ou de hausse des recettes, avec le montant que chacune permettrait d'économiser. §Veuillez indiquer votre évaluation pour chaque mesure : souhaitable quel que soit l'objectif de réduction du déficit, convenable dans l'optique de réduction du déficit, supportable dans cette optique, ou au contraire inacceptable.§Le total des économies réalisées par les mesures convenables ou souhaitables est affiché à gauche. - policy",Convenable | Inacceptable | Ne sais pas | Souhaitable | Supportable
budget_progressistes_25,"budget_progressistes_25: Le déficit public français s'est établi à 5 % du PIB en 2025. Le Conseil d'Analyse Économique recommande de le ramener à 2,7 % du PIB afin de stabiliser la dette et se prémunir contre une§prochaine crise économique. Cela implique de prendre des mesures d'économie pour un total de 90 milliards d'euros dans les cinq prochaines années. §§Voici une liste de mesures de réduction des dépenses ou de hausse des recettes, avec le montant que chacune permettrait d'économiser. §Veuillez indiquer votre évaluation pour chaque mesure : souhaitable quel que soit l'objectif de réduction du déficit, convenable dans l'optique de réduction du déficit, supportable dans cette optique, ou au contraire inacceptable.§Le total des économies réalisées par les mesures convenables ou souhaitables est affiché à gauche. - policy",Convenable | Inacceptable | Ne sais pas | Souhaitable | Supportable
budget_progressistes_26,"budget_progressistes_26: Le déficit public français s'est établi à 5 % du PIB en 2025. Le Conseil d'Analyse Économique recommande de le ramener à 2,7 % du PIB afin de stabiliser la dette et se prémunir contre une§prochaine crise économique. Cela implique de prendre des mesures d'économie pour un total de 90 milliards d'euros dans les cinq prochaines années. §§Voici une liste de mesures de réduction des dépenses ou de hausse des recettes, avec le montant que chacune permettrait d'économiser. §Veuillez indiquer votre évaluation pour chaque mesure : souhaitable quel que soit l'objectif de réduction du déficit, convenable dans l'optique de réduction du déficit, supportable dans cette optique, ou au contraire inacceptable.§Le total des économies réalisées par les mesures convenables ou souhaitables est affiché à gauche. - policy",Convenable | Inacceptable | Ne sais pas | Souhaitable | Supportable
budget_progressistes_27,"budget_progressistes_27: Le déficit public français s'est établi à 5 % du PIB en 2025. Le Conseil d'Analyse Économique recommande de le ramener à 2,7 % du PIB afin de stabiliser la dette et se prémunir contre une§prochaine crise économique. Cela implique de prendre des mesures d'économie pour un total de 90 milliards d'euros dans les cinq prochaines années. §§Voici une liste de mesures de réduction des dépenses ou de hausse des recettes, avec le montant que chacune permettrait d'économiser. §Veuillez indiquer votre évaluation pour chaque mesure : souhaitable quel que soit l'objectif de réduction du déficit, convenable dans l'optique de réduction du déficit, supportable dans cette optique, ou au contraire inacceptable.§Le total des économies réalisées par les mesures convenables ou souhaitables est affiché à gauche. - policy",Convenable | Inacceptable | Ne sais pas | Souhaitable | Supportable
budget_progressistes_28,"budget_progressistes_28: Le déficit public français s'est établi à 5 % du PIB en 2025. Le Conseil d'Analyse Économique recommande de le ramener à 2,7 % du PIB afin de stabiliser la dette et se prémunir contre une§prochaine crise économique. Cela implique de prendre des mesures d'économie pour un total de 90 milliards d'euros dans les cinq prochaines années. §§Voici une liste de mesures de réduction des dépenses ou de hausse des recettes, avec le montant que chacune permettrait d'économiser. §Veuillez indiquer votre évaluation pour chaque mesure : souhaitable quel que soit l'objectif de réduction du déficit, convenable dans l'optique de réduction du déficit, supportable dans cette optique, ou au contraire inacceptable.§Le total des économies réalisées par les mesures convenables ou souhaitables est affiché à gauche. - policy",Convenable | Inacceptable | Ne sais pas | Souhaitable | Supportable
budget_progressistes_29,"budget_progressistes_29: Le déficit public français s'est établi à 5 % du PIB en 2025. Le Conseil d'Analyse Économique recommande de le ramener à 2,7 % du PIB afin de stabiliser la dette et se prémunir contre une§prochaine crise économique. Cela implique de prendre des mesures d'économie pour un total de 90 milliards d'euros dans les cinq prochaines années. §§Voici une liste de mesures de réduction des dépenses ou de hausse des recettes, avec le montant que chacune permettrait d'économiser. §Veuillez indiquer votre évaluation pour chaque mesure : souhaitable quel que soit l'objectif de réduction du déficit, convenable dans l'optique de réduction du déficit, supportable dans cette optique, ou au contraire inacceptable.§Le total des économies réalisées par les mesures convenables ou souhaitables est affiché à gauche. - policy",Convenable | Inacceptable | Ne sais pas | Souhaitable | Supportable
budget_progressistes_30,"budget_progressistes_30: Le déficit public français s'est établi à 5 % du PIB en 2025. Le Conseil d'Analyse Économique recommande de le ramener à 2,7 % du PIB afin de stabiliser la dette et se prémunir contre une§prochaine crise économique. Cela implique de prendre des mesures d'économie pour un total de 90 milliards d'euros dans les cinq prochaines années. §§Voici une liste de mesures de réduction des dépenses ou de hausse des recettes, avec le montant que chacune permettrait d'économiser. §Veuillez indiquer votre évaluation pour chaque mesure : souhaitable quel que soit l'objectif de réduction du déficit, convenable dans l'optique de réduction du déficit, supportable dans cette optique, ou au contraire inacceptable.§Le total des économies réalisées par les mesures convenables ou souhaitables est affiché à gauche. - policy",Convenable | Inacceptable | Ne sais pas | Souhaitable | Supportable
field_budget,"field_budget: Si d'autres mesures d'économie budgétaire qui vous conviendraient n'ont pas été listées, vous pouvez les proposer ci-dessous.","Baisser toutes les taxes sur les carburants | Cgggg | Diminution des parlementaires sénateurs et députés et conseillers régionaux.... | Je ne sais pas | l'inflation | Ne sais pas | néant | Non | NON | Nsp | Oyi je ve | ras | Réduire de façon drastique le coût de fonctionnement et de gestion de toutes les structures publiques (état, collectivités locales, hôpitaux, établissements d'enseignement... etc) en supprimant toutes les dépenses superfétatoire. | Rien"
budget_mail,"budget_mail: Si vous souhaitez choisir votre budget préféré sur un site plus amusant, complet et interactif, veuillez renseigner votre e-mail (ou répondez simplement ""oui"" si vous avez déjà renseigné votre e-mail au début du sondage).",allier.tomcp@gmail.com | Aucun | dea.farinha@laposte.net | Doriane.chbn@gmail.com | mbeltran77130@gmail.com | Non | oui | Oui | OUI | sebfarg@gmail.com
wtp,"wtp: Imaginez un accord entre l'Union Européenne et de nombreux pays à bas revenus visant à sortir 600 millions de personnes de l'extrême pauvreté d'ici 2035 grâce à des financements européens dans l'éducation, la santé et les infrastructures. L'accord prévoirait également un système de traçabilité des fonds et un programme de lutte contre la corruption.§§Si cet accord pour réduire la pauvreté dans le monde était soumis à référendum aujourd'hui et qu'il coûtait à votre foyer une contribution obligatoire annuelle correspondant à [Field-wtp_contribution]% de votre revenu (après impôts), voteriez-vous pour ou contre cet accord ?§§§Avant de répondre, sachez que lors d'enquêtes similaires, les répondants ont tendance à accepter un montant qu'ils ne seraient en réalité pas prêts à payer. C'est ce qu'on appelle le « biais hypothétique ». Merci de répondre en tenant compte de votre budget réel et de vos autres dépenses.",Je voterais CONTRE cet accord | Je voterais POUR cet accord qui me ferait contribuer ${e://Field/wtp_contribution}% de mes revenus
wtp_certainty,wtp_certainty: Dans quelle mesure êtes-vous certain⋅e d'être réellement prêt⋅e à soutenir un programme de lutte contre la pauvreté dans le monde qui vous ferait contribuer [Field-wtp_contribution]% de votre revenu ?,3 | 4 | 5 | 6 | 7 | 8 | 9 | Complètement certain⋅e10 | Pas du tout certain⋅e1
ncs_support,"ncs_support: Dans ce qui suit, nous décrivons une politique sur laquelle nous recueillerons votre opinion.§§§Plan climat :§§Pour atteindre l’objectif climatique français, un nombre limité de permis d’émission de gaz à effet de serre pourraient être créés au niveau national. Les entreprises polluantes devraient acheter des permis pour couvrir leurs émissions de gaz à effet de serre. Une telle politique obligerait les compagnies pétrolières à payer pour leurs émissions et augmenterait progressivement le prix des combustibles fossiles. Des prix plus élevés encourageraient les ménages et les entreprises à utiliser moins de combustibles fossiles, réduisant ainsi les émissions de gaz à effet de serre.§§Les revenus générés par la vente des permis pourraient financer un transfert monétaire égal pour chaque personne. Chaque Français recevrait 35€ par mois, compensant ainsi les hausses de prix pour le Français moyen.§§§§Soutenez-vous le Plan climat ?",
climate_belief,"climate_belief: Selon vous, le changement climatique ...",est autant dû à la variabilité naturelle qu'à l'activité humaine | est entièrement dû à l'activité humaine | est principalement dû à l'activité humaine | est principalement dû à la variabilité naturelle du climat | n'est pas une réalité
climate_belief_DO_1,"climate_belief_DO_1: Selon vous, le changement climatique ... - Display Order - n'est pas une réalité",1 | 5
climate_belief_DO_2,"climate_belief_DO_2: Selon vous, le changement climatique ... - Display Order - est principalement dû à la variabilité naturelle du climat",2 | 4
climate_belief_DO_4,"climate_belief_DO_4: Selon vous, le changement climatique ... - Display Order - est autant dû à la variabilité naturelle qu'à l'activité humaine",3
climate_belief_DO_3,"climate_belief_DO_3: Selon vous, le changement climatique ... - Display Order - est principalement dû à l'activité humaine",2 | 4
climate_belief_DO_5,"climate_belief_DO_5: Selon vous, le changement climatique ... - Display Order - est entièrement dû à l'activité humaine",1 | 5
gcs_support_no_info,"gcs_support_no_info: Ci-dessous, nous décrivons une mesure politique, sur laquelle nous allons sonder votre opinion.§§§§Plan mondial pour le climat :§§§§En 2015, tous les pays se sont mis d'accord pour contenir le réchauffement climatique ""bien en-dessous de +2 °C"". Pour limiter le réchauffement climatique à ce niveau, il existe une quantité maximale de gaz à effet de serre que nous pouvons émettre à l'échelle mondiale.§§§§Pour respecter cet objectif climatique, un nombre limité de permis d'émission de gaz à effet de serre pourrait être créé à l'échelle mondiale. Les entreprises polluantes devraient acheter des permis pour couvrir leurs émissions. Une telle politique obligerait les compagnies pétrolières à payer pour leurs émissions et augmenterait progressivement le prix des combustibles fossiles. Des prix plus élevés encourageraient les ménages et les entreprises à utiliser moins de combustibles fossiles, réduisant ainsi les émissions de gaz à effet de serre.§§§§Conformément au principe selon lequel chaque être humain a un égal droit à polluer, les revenus générés par la vente de permis pourraient financer un revenu de base mondial. Chaque adulte recevrait 20€ par mois, sortant ainsi de l'extrême pauvreté 600 millions de personnes qui gagnent moins de 2$ par jour.§§§§Le Français moyen perdrait financièrement 15€ par mois (car il ferait face à environ 1% de hausses de prix, ce qui est supérieur aux 20€ par mois qu'il recevrait).§§§§La mesure serait mise en place dès que 100 pays s'accordent dessus. Les pays qui refuseraient de participer à la mesure pourraient faire face à des sanctions (comme des droits de douane) du reste du monde et seraient exclus du revenu de base.§§§§§§Soutenez-vous le Plan mondial pour le climat ?",Non | Oui
gcs_support_info,"gcs_support_info: Ci-dessous, nous décrivons une mesure politique, sur laquelle nous allons sonder votre opinion.§§§§Plan mondial pour le climat :§§§§En 2015, tous les pays se sont mis d'accord pour contenir le réchauffement climatique ""bien en-dessous de +2 °C"". Pour limiter le réchauffement climatique à ce niveau, il existe une quantité maximale de gaz à effet de serre que nous pouvons émettre à l'échelle mondiale.§§§§Pour respecter cet objectif climatique, un nombre limité de permis d'émission de gaz à effet de serre pourrait être créé à l'échelle mondiale. Les entreprises polluantes devraient acheter des permis pour couvrir leurs émissions. Une telle politique obligerait les compagnies pétrolières à payer pour leurs émissions et augmenterait progressivement le prix des combustibles fossiles. Des prix plus élevés encourageraient les ménages et les entreprises à utiliser moins de combustibles fossiles, réduisant ainsi les émissions de gaz à effet de serre.§§§§Conformément au principe selon lequel chaque être humain a un égal droit à polluer, les revenus générés par la vente de permis pourraient financer un revenu de base mondial. Chaque adulte recevrait 20€ par mois, sortant ainsi de l'extrême pauvreté 600 millions de personnes qui gagnent moins de 2$ par jour.§§§§Le Français moyen perdrait financièrement 15€ par mois (car il ferait face à environ 1% d'augmentations de prix, ce qui est supérieur aux 20€ par mois qu'il recevrait).§§§§La mesure serait mise en place dès que 100 pays s'accordent dessus. Les pays qui refuseraient de participer à la mesure pourraient faire face à des sanctions (comme des droits de douane) du reste du monde et seraient exclus du revenu de base.§§§§§§Soutenez-vous le Plan mondial pour le climat ?§§§(Pour information, 65% des Français répondent Oui à cette question.)",Non | Oui
solidary_tax_support,"solidary_tax_support: Imaginez une taxe solidaire sur les millionnaires.§§Seule la fortune au-delà de 1 million d'euros serait taxée, au taux de 2 %. L'État français conserverait 70 % des revenus collectés, tandis que 30 % servirait à financer les services publics des pays à bas revenus (notamment l’accès à l’eau potable, la santé et l’éducation en Afrique).§§§§Soutenez-vous cette taxe sur les millionnaires ?",Non | Oui
national_tax_support,"national_tax_support: Imaginez une taxe nationale sur les millionnaires.§§Seule la fortune au-delà de 1 million d'euros serait taxée, au taux de 2 %. §§§§Soutenez-vous cette taxe sur les millionnaires ?",Non | Oui
intl_tax_support,"intl_tax_support: Imaginez une taxe internationale sur les millionnaires.§§Seule la fortune au-delà de 1 million d'euros serait taxée, au taux de 2%. Chaque pays conserverait 70% des revenus qu’il collecte, tandis que 30% seraient mutualisés au niveau mondial pour financer les services publics des pays à bas revenus (notamment l’accès à l’eau potable, la santé et l’éducation en Afrique).§§§§Disons que nous sommes en 2030. Imaginez que certains pays (tels que l'Allemagne, l'Espagne, le Royaume-Uni, le Brésil...) adoptent cette mesure et que d'autres pays (tels que les États-Unis et la Chine) ne l'adoptent pas.§§Soutenez-vous l’adoption par la France de cette taxe internationale sur les millionnaires ?",Non | Oui
convergence_support,convergence_support: Les gouvernements devraient-ils coopérer activement pour que tous les pays convergent en termes de revenus par habitant d’ici la fin du siècle ?,
global_movement_1,"global_movement_1: S’il existait un mouvement mondial pour lutter contre le changement climatique, taxer les millionnaires et financer la réduction de la pauvreté dans les pays à bas revenus, dans quelle mesure seriez-vous prêt⋅e à faire partie de ce mouvement ? (Réponses multiples possible) - Je ne soutiendrais pas un tel mouvement.",
global_movement_2,"global_movement_2: S’il existait un mouvement mondial pour lutter contre le changement climatique, taxer les millionnaires et financer la réduction de la pauvreté dans les pays à bas revenus, dans quelle mesure seriez-vous prêt⋅e à faire partie de ce mouvement ? (Réponses multiples possible) - Je pourrais signer une pétition et diffuser des idées.",
global_movement_4,"global_movement_4: S’il existait un mouvement mondial pour lutter contre le changement climatique, taxer les millionnaires et financer la réduction de la pauvreté dans les pays à bas revenus, dans quelle mesure seriez-vous prêt⋅e à faire partie de ce mouvement ? (Réponses multiples possible) - Je pourrais participer à une manifestation.",
global_movement_6,"global_movement_6: S’il existait un mouvement mondial pour lutter contre le changement climatique, taxer les millionnaires et financer la réduction de la pauvreté dans les pays à bas revenus, dans quelle mesure seriez-vous prêt⋅e à faire partie de ce mouvement ? (Réponses multiples possible) - Je pourrais faire grève.",
global_movement_3,"global_movement_3: S’il existait un mouvement mondial pour lutter contre le changement climatique, taxer les millionnaires et financer la réduction de la pauvreté dans les pays à bas revenus, dans quelle mesure seriez-vous prêt⋅e à faire partie de ce mouvement ? (Réponses multiples possible) - Je pourrais faire un don de 100 € à une caisse de grève.",
intl_policy_1,"intl_policy_1: Comment évalueriez-vous les propositions ou développements politiques suivants ? - La mondialisation, c'est-à-dire l'accroissement des interactions et de l'interdépendance entre les peuples et les pays du monde, est…",Bien | Mauvais | Plutôt bien | Plutôt mauvais | Très bien | Très mauvais
intl_policy_2,intl_policy_2: Comment évalueriez-vous les propositions ou développements politiques suivants ? - Un monde aux frontières de plus en plus ouvertes serait…,Bien | Mauvais | Plutôt bien | Plutôt mauvais | Très bien | Très mauvais
intl_policy_3,intl_policy_3: Comment évalueriez-vous les propositions ou développements politiques suivants ? - Une redistribution plus importante des richesses des pays riches vers les pays les plus pauvres du monde serait…,Bien | Mauvais | Plutôt bien | Plutôt mauvais | Très bien | Très mauvais
intl_policy_4,intl_policy_4: Comment évalueriez-vous les propositions ou développements politiques suivants ? - Tous les citoyens du monde participant directement aux décisions avec un enjeu mondial serait…,Bien | Mauvais | Plutôt bien | Plutôt mauvais | Très bien | Très mauvais
intl_policy_5,intl_policy_5: Comment évalueriez-vous les propositions ou développements politiques suivants ? - L'intervention du reste du monde lorsqu'un pays en attaque un autre serait…,Bien | Mauvais | Plutôt bien | Plutôt mauvais | Très bien | Très mauvais
intl_policy_6,intl_policy_6: Comment évalueriez-vous les propositions ou développements politiques suivants ? - Les pays du monde qui se démilitariseraient en réduisant leurs armées et leurs arsenaux seraient…,Bien | Mauvais | Plutôt bien | Plutôt mauvais | Très bien | Très mauvais
intl_policy_7,intl_policy_7: Comment évalueriez-vous les propositions ou développements politiques suivants ? - L’instauration d’un impôt minimum de 35 % sur les sociétés multinationales pour financer l'éducation et la santé dans le monde entier serait…,Bien | Mauvais | Plutôt bien | Plutôt mauvais | Très bien | Très mauvais
globalisation,globalisation: Avez-vous le sentiment de personnellement perdre ou gagner avec la mondialisation ?,
group_considered,"group_considered: Lorsque les citoyens s'engagent en politique, quels principaux éléments devraient-ils prendre en compte ?",Les intérêts de leur communauté ou de leur pays | Les intérêts de tous les humains | Leurs propres intérêts
group_helping,"group_helping: Quand des personnes souffrent dans une partie du monde, d'où devrait principalement provenir l'aide ?",
group_identified_1,group_identified_1: Dans quelle mesure vous identifiez-vous (ou non) aux territoires suivants ? - Ma ville,Beaucoup | Pas du tout | Peu | Plutôt | Tout à fait | Très peu
group_identified_2,group_identified_2: Dans quelle mesure vous identifiez-vous (ou non) aux territoires suivants ? - Ma région,Beaucoup | Pas du tout | Peu | Plutôt | Tout à fait | Très peu
group_identified_3,group_identified_3: Dans quelle mesure vous identifiez-vous (ou non) aux territoires suivants ? - La France,Beaucoup | Pas du tout | Peu | Plutôt | Tout à fait | Très peu
group_identified_4,group_identified_4: Dans quelle mesure vous identifiez-vous (ou non) aux territoires suivants ? - L'Union Européenne,Beaucoup | Pas du tout | Peu | Plutôt | Tout à fait | Très peu
group_identified_5,group_identified_5: Dans quelle mesure vous identifiez-vous (ou non) aux territoires suivants ? - Le monde,Beaucoup | Pas du tout | Peu | Plutôt | Tout à fait | Très peu
intl_governance_1,intl_governance_1: Dans quelle mesure êtes-vous favorable ou défavorable aux manières suivantes de prendre des décisions à l'échelle mondiale ? - Les élus et chefs d'État devraient prendre les décisions,Complètement défavorable | Complètement favorable | Défavorable | Favorable | Plutôt défavorable | Plutôt favorable
intl_governance_2,intl_governance_2: Dans quelle mesure êtes-vous favorable ou défavorable aux manières suivantes de prendre des décisions à l'échelle mondiale ? - Les citoyens devraient décider directement par référendum,Complètement défavorable | Complètement favorable | Défavorable | Favorable | Plutôt défavorable | Plutôt favorable
intl_governance_3,intl_governance_3: Dans quelle mesure êtes-vous favorable ou défavorable aux manières suivantes de prendre des décisions à l'échelle mondiale ? - Les citoyens devraient être sélectionnés par tirage au sort pour des assemblées citoyennes dont les décisions seraient ensuite mises en œuvre par les parlements nationaux,Complètement défavorable | Complètement favorable | Défavorable | Favorable | Plutôt défavorable | Plutôt favorable
intl_governance_4,intl_governance_4: Dans quelle mesure êtes-vous favorable ou défavorable aux manières suivantes de prendre des décisions à l'échelle mondiale ? - Des experts choisis par la communauté scientifique devraient prendre les décisions,Complètement défavorable | Complètement favorable | Défavorable | Favorable | Plutôt défavorable | Plutôt favorable
intl_governance_5,"intl_governance_5: Dans quelle mesure êtes-vous favorable ou défavorable aux manières suivantes de prendre des décisions à l'échelle mondiale ? - Un parlement mondial, élu directement par la population mondiale, devrait prendre la plupart des décisions",Complètement défavorable | Complètement favorable | Défavorable | Favorable | Plutôt défavorable | Plutôt favorable
intl_governance_6,intl_governance_6: Dans quelle mesure êtes-vous favorable ou défavorable aux manières suivantes de prendre des décisions à l'échelle mondiale ? - Des sondages représentatifs réguliers visant à établir l'opinion publique mondiale sur les questions internationales devraient servir d'information aux décideurs politiques,Complètement défavorable | Complètement favorable | Défavorable | Favorable | Plutôt défavorable | Plutôt favorable
assembly_outcome_1,"assembly_outcome_1: Imaginez une Assemblée internationale de citoyens tirés au sort. Seriez-vous favorable ou défavorable à ce que les décisions de cette Assemblée soient ... ? - Consultatives et servent de recommandations aux pays, auxquels reviendraient la décision finale",Complètement défavorable | Complètement favorable | Défavorable | Favorable | Indécis⋅e
assembly_outcome_2,assembly_outcome_2: Imaginez une Assemblée internationale de citoyens tirés au sort. Seriez-vous favorable ou défavorable à ce que les décisions de cette Assemblée soient ... ? - Soumises à référendum dans le monde entier et mises en œuvre dans les pays où le Oui l'emporte,Complètement défavorable | Complètement favorable | Défavorable | Favorable | Indécis⋅e
assembly_outcome_3,assembly_outcome_3: Imaginez une Assemblée internationale de citoyens tirés au sort. Seriez-vous favorable ou défavorable à ce que les décisions de cette Assemblée soient ... ? - Soumises à référendum et mises en œuvre dans tous les pays si le Oui l'emporte au niveau mondial,Complètement défavorable | Complètement favorable | Défavorable | Favorable | Indécis⋅e
assembly_outcome_4,assembly_outcome_4: Imaginez une Assemblée internationale de citoyens tirés au sort. Seriez-vous favorable ou défavorable à ce que les décisions de cette Assemblée soient ... ? - Mises en œuvre directement par les institutions internationales,Complètement défavorable | Complètement favorable | Défavorable | Favorable | Indécis⋅e
intl_cooperation_1,intl_cooperation_1: Il existe différents scénarios quant à la manière dont les décisions devraient être prises dans le monde. Dans quelle mesure seriez-vous favorable ou défavorable à ces scénarios ? - Un monde dans lequel chaque pays agit seul ou collabore avec d'autres pays à la gouvernance des enjeux mondiaux,
intl_cooperation_2,intl_cooperation_2: Il existe différents scénarios quant à la manière dont les décisions devraient être prises dans le monde. Dans quelle mesure seriez-vous favorable ou défavorable à ces scénarios ? - Un monde dans lequel les pays collaborent au sein d'institutions internationales pour élaborer la gouvernance des enjeux mondiaux,
intl_cooperation_3,intl_cooperation_3: Il existe différents scénarios quant à la manière dont les décisions devraient être prises dans le monde. Dans quelle mesure seriez-vous favorable ou défavorable à ces scénarios ? - Un monde dans lequel des institutions mondiales élaborent et mettent en œuvre la gouvernance des enjeux mondiaux indépendamment des gouvernements nationaux,
intl_cooperation_4,intl_cooperation_4: Il existe différents scénarios quant à la manière dont les décisions devraient être prises dans le monde. Dans quelle mesure seriez-vous favorable ou défavorable à ces scénarios ? - Un monde où les décisions mondiales sont prises par les pays les plus puissants,
inheritance_type_1,inheritance_type_1: Qui devrait hériter d'une société qui vaut 10 milliards d'euros lors du décès de son actionnaire unique ? §Veuillez renseigner votre répartition préférée entre les différentes options ci-dessous : le total doit faire 100 %. - Les personnes et/ou organisations désignées par le défunt,0 | 10 | 100 | 15 | 20 | 25 | 30 | 35 | 40 | 45 | 5 | 50 | 60 | 65 | 70 | 80
inheritance_type_2,inheritance_type_2: Qui devrait hériter d'une société qui vaut 10 milliards d'euros lors du décès de son actionnaire unique ? §Veuillez renseigner votre répartition préférée entre les différentes options ci-dessous : le total doit faire 100 %. - L'époux/se survivant⋅e et les descendants du défunt,0 | 10 | 100 | 15 | 20 | 25 | 30 | 35 | 40 | 45 | 5 | 50 | 55 | 60 | 65 | 80 | 90
inheritance_type_3,inheritance_type_3: Qui devrait hériter d'une société qui vaut 10 milliards d'euros lors du décès de son actionnaire unique ? §Veuillez renseigner votre répartition préférée entre les différentes options ci-dessous : le total doit faire 100 %. - Les employés de la société en question,0 | 10 | 15 | 20 | 25 | 30 | 40 | 5 | 60
inheritance_type_4,"inheritance_type_4: Qui devrait hériter d'une société qui vaut 10 milliards d'euros lors du décès de son actionnaire unique ? §Veuillez renseigner votre répartition préférée entre les différentes options ci-dessous : le total doit faire 100 %. - L'État, qui pourrait rester actionnaire ou la revendre",0 | 10 | 15 | 20 | 25 | 5
inheritance_type_5,inheritance_type_5: Qui devrait hériter d'une société qui vaut 10 milliards d'euros lors du décès de son actionnaire unique ? §Veuillez renseigner votre répartition préférée entre les différentes options ci-dessous : le total doit faire 100 %. - Un fonds d'investissement dont chaque citoyen français recevrait une part,0 | 10 | 15 | 20 | 25 | 30 | 5 | 60
inheritance_type_6,"inheritance_type_6: Qui devrait hériter d'une société qui vaut 10 milliards d'euros lors du décès de son actionnaire unique ? §Veuillez renseigner votre répartition préférée entre les différentes options ci-dessous : le total doit faire 100 %. - L'ONU, afin de financer l'éducation et la santé dans le monde entier",0 | 10 | 15 | 20 | 25 | 30 | 35 | 5 | 50 | 55 | 60 | 65
tax_business_bequest,"tax_business_bequest: Deux mécanismes permettent aux principaux actionnaires d'une entreprise de la transmettre à leurs héritiers en payant très peu d'impôts. §§D'une part, le pacte Dutreil permet aux principaux  actionnaires d'une entreprise d'exonérer de taxe sur l'héritage 75% des parts qu'ils détiennent dans leur entreprise. D'autre part, les plus-values ne sont pas taxées lors du décès. §§Êtes-vous favorable ou défavorable à la suppression de ces deux mécanismes ?",Défavorable | Favorable | Indécis⋅e | Très défavorable | Très favorable
inter_vivo_gifts,"inter_vivo_gifts: Actuellement, l'impôt sur l'héritage qu'une personne paie durant sa vie ne dépend pas que du montant reçu, mais aussi de la provenance de cet héritage. Par exemple, les donations et les assurances-vie sont moins taxées, tandis que les héritages d'oncles ou tantes sont taxés davantage que ceux provenant des parents. Par ailleurs, une personne héritant 200 000 € de sa mère et 0 € de son père paie 18 000 € d'impôts (soit un taux de 9 %) tandis qu'une personne héritant elle aussi de 200 000 € ne paie pas d'impôt quand elle hérite de ses deux parents à part égale.§§Seriez-vous favorable à remplacer la version actuelle de l'impôt sur l'héritage par un impôt qui dépende uniquement des donations et héritages reçus au cours de la vie ?§§Cet impôt serait conçu de telle sorte qu'en moyenne, les Français paieraient autant d'impôt qu'actuellement ; mais l'impôt payé ne dépendrait plus de la provenance de l'héritage.",Défavorable | Favorable | Indécis⋅e | Très défavorable | Très favorable
net_wealth_tax,"net_wealth_tax: Actuellement, les propriétaires paient la taxe foncière, les frais de notaires (lorsqu'ils achètent un bien immobilier), ainsi que l'impôt sur la fortune immobilière pour les plus fortunés. §Ces trois taxes pourraient être remplacées par un impôt sur le patrimoine total (immobilier, assurances vie, livrets, actions...) net de dettes. Ce nouvel impôt serait progressif : les ménages ayant un patrimoine net inférieur à 100 000 € seraient exonérés, les taux seraient faibles pour les patrimoines nets modérés, et augmenteraient progressivement jusqu'à atteindre 1,5 % pour les patrimoines nets les plus élevés. §Ainsi, une majorité de propriétaires seraient gagnants : ceux ayant un patrimoine net modéré, ceux ayant une grande partie de leur crédit restant à rembourser, ou ceux qui détiennent peu de patrimoine financier. En revanche, les 25% de ménages détenant plus de 400 000 € de patrimoine net seraient majoritairement perdants.§§Êtes-vous favorable ou défavorable au remplacement des impôts sur le patrimoine immobilier par un tel impôt sur le patrimoine net ?",Défavorable | Favorable | Indécis⋅e | Très défavorable | Très favorable
inheritance_400k,"inheritance_400k: Imaginez une personne sans frère et sœur dont les parents viennent de mourir. §Si vous pouviez choisir les taux de taxation sur l'héritage, de combien devrait hériter cette personne ? §§Si le patrimoine de ses parents vaut 400 000 €, cette personne devrait hériter de ...",0 € | 100 000 € | 200 000 € | 300 000 € | 350 000 € | 380 000 € | 400 000 €
inheritance_1m,"inheritance_1m: Si le patrimoine de ses parents vaut 1 million d'euros, cette personne devrait hériter de ...",0 € | 1 million | 100 000 € | 250 000 € | 500 000 € | 750 000 € | 900 000 €
inheritance_10m,"inheritance_10m: Si le patrimoine de ses parents vaut 10 millions d'euros, cette personne devrait hériter de ...","0 € | 1 million | 10 millions | 2,5 millions | 5 millions | 500 000 € | 7,5 millions | 9 millions"
inheritance_1g,"inheritance_1g: Si le patrimoine de ses parents vaut 1 milliard d'euros, cette personne devrait hériter de ...",0 € | 1 milliard | 250 millions | 5 millions | 50 millions | 500 000 € | 500 millions | 750 millions | 900 millions
inheritance_100g,"inheritance_100g: Si le patrimoine de ses parents vaut 100 milliards d'euros, cette personne devrait hériter de ...",0 € | 100 milliards | 25 milliards | 5 milliards | 50 milliards | 50 millions | 500 000 € | 500 millions | 75 milliards | 90 milliards
tax_millionaires,tax_millionaires: Êtes-vous favorable à taxer les millionnaires si cela conduit une partie d'entre eux à s'expatrier et ainsi réduit le PIB et des recettes fiscales à long terme ?,Défavorable | Favorable | Indécis⋅e | Très défavorable | Très favorable
sustainable_future_a,"sustainable_future_a: Considérez deux scénarios possibles pour le monde dans les 20 prochaines années.§§§§Scénario A :§§La plupart des pays mettent en œuvre des politiques coordonnées pour limiter le réchauffement climatique à +2°C et réduire les inégalités. Le monde réduit considérablement les émissions de gaz à effet de serre et est en bonne voie pour atteindre l'objectif climatique. Des impôts sur les millionnaires financent l’installation de pompes à chaleur, l’isolation thermique des bâtiments et l’amélioration des transports publics. Les yachts et les jets privés sont progressivement supprimés dans le monde entier. Les voitures sont entièrement électriques d’ici 2045 et coûtent à peu près le même prix que les voitures thermiques d’aujourd’hui. D’ici 2045, les réglementations environnementales multiplient progressivement par deux le prix du bœuf, du fioul ou du gaz de chauffage, et du transport aérien. En conséquence, les gens prennent l’avion deux fois moins souvent, mangent deux fois moins de viande et utilisent davantage les transports en commun en 2045 qu’en 2025. Malgré des prix plus élevés pour les biens polluants, le pouvoir d’achat général est préservé, grâce à une baisse de la TVA qui réduit les prix des biens non polluants.§§§§Scénario B :§§Depuis 2025, aucune mesure supplémentaire n’est mise en œuvre pour lutter contre le changement climatique ou les inégalités. Les gens maintiennent le même mode de vie qu’en 2025. Par exemple, la plupart des gens continuent de conduire des voitures thermiques. Les émissions de gaz à effet de serre sont stables. Le réchauffement climatique devrait atteindre +3°C d’ici 2100 et des niveaux plus élevés au-delà de cette date. Le changement climatique entraîne des sécheresses, des vagues de chaleur, des incendies de forêt et des inondations côtières plus fréquents et plus graves.§§§§Hormis les éléments décrits, les deux scénarios sont identiques (par exemple, en termes de chômage ou de criminalité).§§§§Quel scénario préférez-vous pour l’avenir ?",Scénario A | Scénario B
sustainable_future_n,"sustainable_future_n: Considérez deux scénarios possibles pour le monde dans les 20 prochaines années.§§§§Scénario A :§§La plupart des pays mettent en œuvre des politiques coordonnées pour limiter le réchauffement climatique à +2°C et réduire les inégalités. Le monde réduit considérablement les émissions de gaz à effet de serre et est en bonne voie pour atteindre l'objectif climatique. Des impôts sur les millionnaires financent l’installation de pompes à chaleur, l’isolation thermique des bâtiments et l’amélioration des transports publics. Les yachts et les jets privés sont progressivement supprimés dans le monde entier. Les voitures sont entièrement électriques d’ici 2045 et coûtent à peu près le même prix que les voitures thermiques d’aujourd’hui. D’ici 2045, les réglementations environnementales multiplient progressivement par deux le prix du bœuf, du fioul ou du gaz de chauffage, et du transport aérien. En conséquence, les gens prennent l’avion deux fois moins souvent, mangent deux fois moins de viande et utilisent davantage les transports en commun en 2045 qu’en 2025. §§§§Scénario B :§§Depuis 2025, aucune mesure supplémentaire n’est mise en œuvre pour lutter contre le changement climatique ou les inégalités. Les gens maintiennent le même mode de vie qu’en 2025. Par exemple, la plupart des gens continuent de conduire des voitures thermiques. Les émissions de gaz à effet de serre sont stables. Le réchauffement climatique devrait atteindre +3°C d’ici 2100 et des niveaux plus élevés au-delà de cette date. Le changement climatique entraîne des sécheresses, des vagues de chaleur, des incendies de forêt et des inondations côtières plus fréquents et plus graves.§§§§Hormis les éléments décrits, les deux scénarios sont identiques (par exemple, en termes de chômage ou de criminalité).§§§§Quel scénario préférez-vous pour l’avenir ?",Scénario A | Scénario B
sustainable_future_e,"sustainable_future_e: Considérez deux scénarios possibles pour le monde dans les 20 prochaines années.§§§§Scénario A :§§La plupart des pays mettent en œuvre des politiques coordonnées pour limiter le réchauffement climatique à +2°C et réduire les inégalités. Le monde réduit considérablement les émissions de gaz à effet de serre et est en bonne voie pour atteindre l'objectif climatique. Des impôts sur les millionnaires financent l’installation de pompes à chaleur, l’isolation thermique des bâtiments et l’amélioration des transports publics. Les voitures sont entièrement électriques d’ici 2045 et coûtent à peu près le même prix que les voitures thermiques d’aujourd’hui. D’ici 2045, les réglementations environnementales multiplient progressivement par deux le prix du bœuf, du fioul ou du gaz de chauffage, et du transport aérien. En conséquence, les gens prennent l’avion deux fois moins souvent, mangent deux fois moins de viande et utilisent davantage les transports en commun en 2045 qu’en 2025. §§§§Scénario B :§§Depuis 2025, aucune mesure supplémentaire n’est mise en œuvre pour lutter contre le changement climatique ou les inégalités. Les gens maintiennent le même mode de vie qu’en 2025. Par exemple, la plupart des gens continuent de conduire des voitures thermiques. Les émissions de gaz à effet de serre sont stables. Le réchauffement climatique devrait atteindre +3°C d’ici 2100 et des niveaux plus élevés au-delà de cette date. Le changement climatique entraîne des sécheresses, des vagues de chaleur, des incendies de forêt et des inondations côtières plus fréquents et plus graves.§§§§Hormis les éléments décrits, les deux scénarios sont identiques (par exemple, en termes de chômage ou de criminalité).§§§§Quel scénario préférez-vous pour l’avenir ?",Scénario A | Scénario B
top8_tax_support,"top8_tax_support: Actuellement, près de la moitié de la population mondiale vit en situation de grande pauvreté, avec moins de 400 € par mois (ajusté au coût de la vie).§§Les Objectifs de développement durable, adoptés par tous les pays en 2015, visent à réduire la pauvreté et à assurer l’accès aux soins, à l’éducation, à l’eau potable et à l’assainissement pour tous d’ici 2030. Le monde n’est pas sur la bonne voie pour atteindre ces objectifs de réduction de la pauvreté en raison du manque de financement.§§§§La réduction de la pauvreté pourrait être financée par un impôt mondial sur les revenus supérieurs à 3 000 € par mois.§§Le taux d'imposition serait de 10 % pour chaque euro au-delà de 3 000 € par mois de revenu après impôts existants, de 25 % au-delà de 5 000 €, de 40 % au-delà de 7 500 € et de 90 % au-delà de 50 000 € par mois.§§Par exemple, une personne seule gagnant 4 000 € par mois après impôts paierait 100€ par mois d'impôts supplémentaires, soit 10 % de 1 000 = 4 000 - 3 000. En revanche, un couple marié gagnant 6 000 € par mois, 3 000 € pour chacun d'eux, ne serait pas imposé.§§Cet impôt s’appliquerait aux 8 % les plus riches de la population mondiale. En France, cela affecterait les 31 % les plus riches et redistribuerait 5 % du PIB aux pays à bas revenus.§§§§Êtes-vous favorable ou opposé⋅e à une telle taxe mondiale sur les personnes les plus aisées pour financer la réduction de la pauvreté dans le monde ?",Indifférent⋅e ou ne sais pas | Plutôt favorable | Plutôt opposé⋅e | Très favorable | Très opposé⋅e
top5_tax_support,"top5_tax_support: Actuellement, 3,5 milliards de personnes vivent en situation de grande pauvreté, avec moins de 350 € par mois (ajusté au coût de la vie).§§Les Objectifs de développement durable, adoptés par tous les pays en 2015, visent à réduire la pauvreté et à assurer l’accès aux soins, à l’éducation, à l’eau potable et à l’assainissement pour tous d’ici 2030. Le monde n’est pas sur la bonne voie pour atteindre ces objectifs de réduction de la pauvreté en raison du manque de financement.§§§§La réduction de la pauvreté pourrait être financée par un impôt mondial sur les revenus supérieurs à 4 000 € par mois.§§Le taux d'imposition serait de 10 % pour chaque euro au-delà de 4 000 € par mois de revenu après impôts existants, de 25 % au-delà de 5 000 €, de 40 % au-delà de 6 000 € et de 65 % au-delà de 50 000 € par mois.§§Par exemple, une personne seule gagnant 5 000 € par mois après impôts paierait 100€ par mois d'impôts supplémentaires, soit 10 % de 1 000 = 5 000 - 4 000. En revanche, un couple marié gagnant 8 000 € par mois, 4 000 € pour chacun d'eux, ne serait pas imposé.§§Cet impôt s’appliquerait aux 5 % les plus riches de la population mondiale. En France, cela affecterait les 13 % les plus riches et redistribuerait 3 % du PIB aux pays à bas revenus.§§§§Êtes-vous favorable ou opposé⋅e à une telle taxe mondiale sur les personnes les plus aisées pour financer la réduction de la pauvreté dans le monde ?",Indifférent⋅e ou ne sais pas | Plutôt favorable | Plutôt opposé⋅e | Très favorable | Très opposé⋅e
gcs_comprehension,gcs_comprehension: Comment les prix de l’essence évolueraient-ils suite au Plan mondial pour le climat ?§Les prix de l'essence ...,augmenteraient | diminueraient | ne seraient pas affectés
gcs_comprehension_DO_2,gcs_comprehension_DO_2: Comment les prix de l’essence évolueraient-ils suite au Plan mondial pour le climat ?§Les prix de l'essence ... - Display Order - augmenteraient,1 | 3
gcs_comprehension_DO_3,gcs_comprehension_DO_3: Comment les prix de l’essence évolueraient-ils suite au Plan mondial pour le climat ?§Les prix de l'essence ... - Display Order - ne seraient pas affectés,2
gcs_comprehension_DO_5,gcs_comprehension_DO_5: Comment les prix de l’essence évolueraient-ils suite au Plan mondial pour le climat ?§Les prix de l'essence ... - Display Order - diminueraient,1 | 3
attention_test,"attention_test: Merci de sélectionner ""Un peu"" (ceci est un test pour vérifier que vous êtes attentif/ve).",Beaucoup | Complètement | Pas du tout | Un peu
custom_losers,"custom_losers: À l'occasion d'une réforme fiscale internationale qui opérerait une redistribution des plus riches vers les plus pauvres, quelle proportion d'humains faudrait-il faire contribuer ? Ce qu'on appelle contribuer, c'est voir ses revenus après impôts baisser par rapport à la situation actuelle, et cela concernerait les humains les plus riches.§§§Le curseur ci-dessous vous aide à répondre à la question : le texte en-dessous du curseur change quand vous déplacez le curseur (en maintenant la souris appuyée sur le carré et en allant sur le côté). La valeur de ce curseur n'est pas enregistrée, vous devez donc reporter la valeur que vous aurez choisie dans le champs ci-dessous, en %.§§§ §§§Parmi les humains, 20% gagnent plus de 1950€/mois - Selected Choice","Il faudrait faire contribuer les ...% d'humains les plus aisés : | NSP (Ne sait pas, ne se prononce pas)"
custom_losers_1_TEXT,"custom_losers_1_TEXT: À l'occasion d'une réforme fiscale internationale qui opérerait une redistribution des plus riches vers les plus pauvres, quelle proportion d'humains faudrait-il faire contribuer ? Ce qu'on appelle contribuer, c'est voir ses revenus après impôts baisser par rapport à la situation actuelle, et cela concernerait les humains les plus riches.§§§Le curseur ci-dessous vous aide à répondre à la question : le texte en-dessous du curseur change quand vous déplacez le curseur (en maintenant la souris appuyée sur le carré et en allant sur le côté). La valeur de ce curseur n'est pas enregistrée, vous devez donc reporter la valeur que vous aurez choisie dans le champs ci-dessous, en %.§§§ §§§Parmi les humains, 20% gagnent plus de 1950€/mois - Il faudrait faire contribuer les ...% d'humains les plus aisés : - Text","0,5 | 1 | 10 | 10% | 100 | 18 | 20 | 23 | 25 | 3 | 35 | 4000 | 5 | 60"
custom_winners,"custom_winners: À l'occasion d'une réforme fiscale internationale qui opérerait une redistribution des plus riches vers les plus pauvres, quelle proportion d'humains faudrait-il faire bénéficier de la réforme ? Ce qu'on appelle bénéficier de la réforme, c'est voir ses revenus après impôts augmenter par rapport à la situation actuelle, et cela concernerait les humains les plus pauvres. §§§§§§Parmi les humains, 50% gagnent moins de 550€/mois - Selected Choice","Il faudrait faire bénéficier les ...% d'humains les plus pauvres : | NSP (Ne sait pas, ne se prononce pas)"
custom_winners_1_TEXT,"custom_winners_1_TEXT: À l'occasion d'une réforme fiscale internationale qui opérerait une redistribution des plus riches vers les plus pauvres, quelle proportion d'humains faudrait-il faire bénéficier de la réforme ? Ce qu'on appelle bénéficier de la réforme, c'est voir ses revenus après impôts augmenter par rapport à la situation actuelle, et cela concernerait les humains les plus pauvres. §§§§§§Parmi les humains, 50% gagnent moins de 550€/mois - Il faudrait faire bénéficier les ...% d'humains les plus pauvres : - Text",1 | 10 | 100 | 1000 | 15 | 20 | 40 | 48 | 50 | 66 | 70 | 79 | 80 | 95
custom_min_income,"custom_min_income: Imaginez qu'il y ait une redistribution internationale des riches vers les pauvres. §Dans ce cadre, quel devrait être le montant des aides pour les humains qui n'ont aucun revenu ? - Selected Choice","Les personnes qui ont pour seuls revenus les aides internationales devraient toucher (en €/mois) : | NSP (Ne sait pas, ne se prononce pas)"
custom_min_income_1_TEXT,"custom_min_income_1_TEXT: Imaginez qu'il y ait une redistribution internationale des riches vers les pauvres. §Dans ce cadre, quel devrait être le montant des aides pour les humains qui n'ont aucun revenu ? - Les personnes qui ont pour seuls revenus les aides internationales devraient toucher (en €/mois) : - Text",0 | 100 | 1000 | 1200 | 180 | 200 | 300 | 500 | 750
income_exact,"income_exact: Quel est le revenu [periodicity_text: annuel] de votre ménage après impôts et transferts ?§§Cela comprend tous les revenus : salaires, pensions, allocations, prestations sociales, revenus fonciers, etc.§§Mon ménage gagne ... [text_unit: $ par an] (répondez sans virgule, sans espace, sans point) :",1 | 1000 | 1100 | 1200 | 1300 | 1400 | 1450 | 1500 | 1550 | 1750 | 1900 | 2000 | 2040 | 2200 | 2400 | 2500 | 2600 | 2700 | 2800 | 2900 | 300 | 3000 | 3200 | 3350 | 3500 | 3541 | 3600 | 3700 | 3850 | 397 | 3999 | 400 | 4000 | 4100 | 4200 | 42000 | 4300 | 4400 | 4500 | 4600 | 4900 | 500 | 5000 | 5100 | 5400 | 650 | 8250 | 850
Q94_First Click,Q94_First Click: Timing - First Click,64 unique values
Q94_Last Click,Q94_Last Click: Timing - Last Click,64 unique values
Q94_Page Submit,Q94_Page Submit: Timing - Page Submit,64 unique values
Q94_Click Count,Q94_Click Count: Timing - Click Count,1 | 10 | 11 | 12 | 13 | 14 | 15 | 17 | 19 | 2 | 20 | 3 | 4 | 44 | 5 | 6 | 7 | 8 | 9
custom_redistr,"custom_redistr: Imaginez une redistribution mondiale des revenus, sous la forme de politiques, d’impôts et de transferts supplémentaires, en plus de ceux existants. Cette redistribution mettrait à contribution les personnes gagnant plus de 2 100 €/mois au bénéfice de celles gagnant moins de 550 €/mois (ajusté au coût de la vie).§§§§Vous trouverez ci-dessous un graphique de la répartition mondiale des revenus (après impôts). La distribution actuelle est en rouge et la distribution qui serait issue de la redistribution proposée est en vert.§§§Voici également des exemples de revenus maintenant/après la redistribution proposée :§§§	§		§			Maintenant§			Après§			Évolution§		§		§			100 [text_unit: $ par an]§			100 [text_unit: $ par an]§			§		§		§			600 €/mois§			[after_600: 600] €/mois§			§		§		§			1 000 €/mois§			[after_1k: 1 000] €/mois§			§		§		§			2 000 €/mois§			[after_2k: 2 000] €/mois§			§		§		§			2 500 €/mois§			[after_2k5: 2500] €/mois§			§		§		§			3 000 €/mois§			[after_3k: 3 000] €/mois§			§		§		§			[now_60k: 60 000] [text_unit: $ par an]§			[after_60k: 60 000] [text_unit: $ par an]§			§		§		§			[now_100k: 100 000] [text_unit: $ par an]§			[after_100k: 100 000] [text_unit: $ par an]§			§		§		§			Vos revenus individuels§		§		§			[propre: 40 000] [text_unit: $ par an]§			[after_own: 3 000] [text_unit: $ par an]§			§		§	§§§§§ §§ §§§Êtes-vous favorable ou défavorable à cette redistribution mondiale ?",Défavorable | Favorable | Indécis⋅e | Très défavorable | Très favorable
group_defended,group_defended: Quel groupe défendez-vous lorsque vous votez ?,"Les êtres sentients (humains et animaux) | Les Français | Les humains | Les personnes de ma communauté (par exemple ma région, ma religion, mon genre...) | Ma famille et moi-même"
group_defended_world,group_defended_world: Imaginez qu'il y ait des élections mondiales. Quel groupe défendriez-vous lors de ces élections ?,"Les êtres sentients (humains et animaux) | Les Français | Les humains | Les personnes de ma communauté (par exemple ma région, ma religion, mon genre...) | Ma famille et moi-même"
donation_charities,donation_charities: How much did you give to charitable organizations in 2022?,
interested_politics,interested_politics: To what extent are you interested in politics?,
involvement_govt_1,"involvement_govt_1: Where would you rate yourself on a scale of 1 to 5, where 1 means you think the government should limit yourself to only providing the most basic government functions, and 5 means you think the government should take active steps in every area it can to enhance the lives of its citizens? - Desired involvement of government",
complete,complete: complete,164141_ddfbc9e9
quotasfull,quotasfull: quotasfull,164141_3925b9b3
screenout,screenout: screenout,164141_d32eac86
speeder,speeder: speeder,164141
Q_TotalDuration,Q_TotalDuration: Q_TotalDuration,156 unique values
Q_TerminateFlag,Q_TerminateFlag: Q_TerminateFlag,QuotaMet | Screened
long,long: long,0
region,region: region,0 | 1 | 2 | 3 | 4 | 5
urbanity,urbanity: urbanity,0 | 1 | 2 | 3
SystemLocale,SystemLocale: SystemLocale,en-GB | en-US | fr | fr-FR
SystemTimeZone,SystemTimeZone: SystemTimeZone,Europe/Berlin | Europe/Budapest | Europe/Madrid | Europe/Paris | Pacific/Tahiti
custom_slider_win,custom_slider_win: custom_slider_win,12 | 20 | 35 | 43 | 47 | 48 | 50 | 51 | 56 | 59 | 61 | 62 | 66 | 68 | 70 | 71 | 72 | 78 | 79 | 83 | 85 | 95
custom_slider_lose,custom_slider_lose: custom_slider_lose,0 | 1 | 10 | 11 | 13 | 16 | 18 | 20 | 23 | 25 | 26 | 27 | 28 | 29 | 3 | 39 | 46 | 48 | 5 | 6 | 7
Q_Language,Q_Language: Q_Language,FR
time_start,time_start: time_start,166 unique values
duration_consent,duration_consent: duration_consent,166 unique values
time_consent,time_consent: time_consent,166 unique values
duration_sociodemos,duration_sociodemos: duration_sociodemos,130 unique values
time_sociosdemos,time_sociosdemos: time_sociosdemos,
duration_program,duration_program: duration_program,130 unique values
time_program,time_program: time_program,130 unique values
duration_budget,duration_budget: duration_budget,130 unique values
time_budget,time_budget: time_budget,130 unique values
duration_wtp,duration_wtp: duration_wtp,130 unique values
time_wtp,time_wtp: time_wtp,130 unique values
duration_gcs,duration_gcs: duration_gcs,130 unique values
time_wealth_tax,time_wealth_tax: time_wealth_tax,130 unique values
duration_wealth_tax,duration_wealth_tax: duration_wealth_tax,130 unique values
time_global_inheritance,time_global_inheritance: time_global_inheritance,130 unique values
duration_global_inheritance,duration_global_inheritance: duration_global_inheritance,130 unique values
time_sustainable_future,time_sustainable_future: time_sustainable_future,130 unique values
duration_sustainable_future,duration_sustainable_future: duration_sustainable_future,130 unique values
time_top_tax,time_top_tax: time_top_tax,130 unique values
duration_top_tax,duration_top_tax: duration_top_tax,130 unique values
time_comprehension,time_comprehension: time_comprehension,121 unique values
duration_comprehension,duration_comprehension: duration_comprehension,121 unique values
time_custom_redistr,time_custom_redistr: time_custom_redistr,121 unique values
duration_custom_redistr,duration_custom_redistr: duration_custom_redistr,121 unique values
time_synthetic,time_synthetic: time_synthetic,69 unique values
duration_synthetic,duration_synthetic: duration_synthetic,69 unique values
duration_main_questions,duration_main_questions: duration_main_questions,121 unique values
wtp_contribution,wtp_contribution: wtp_contribution,"0,5 | 1 | 10 | 2 | 3 | 5 | 7"
FL_50_DO_FL_51,FL_50_DO_FL_51: FL_50 - Block Randomizer - Display Order - FL_51,1 | 2 | 3 | 4 | 5 | 6 | 7
FL_50_DO_FL_52,FL_50_DO_FL_52: FL_50 - Block Randomizer - Display Order - FL_52,1 | 2 | 3 | 4 | 5 | 6 | 7
FL_50_DO_FL_53,FL_50_DO_FL_53: FL_50 - Block Randomizer - Display Order - FL_53,1 | 2 | 3 | 4 | 5 | 6 | 7
FL_50_DO_FL_54,FL_50_DO_FL_54: FL_50 - Block Randomizer - Display Order - FL_54,1 | 2 | 3 | 4 | 5 | 6 | 7
FL_50_DO_FL_55,FL_50_DO_FL_55: FL_50 - Block Randomizer - Display Order - FL_55,1 | 2 | 3 | 4 | 5 | 6 | 7
FL_50_DO_FL_57,FL_50_DO_FL_57: FL_50 - Block Randomizer - Display Order - FL_57,1 | 2 | 3 | 4 | 5 | 6 | 7
FL_50_DO_FL_56,FL_50_DO_FL_56: FL_50 - Block Randomizer - Display Order - FL_56,1 | 2 | 3 | 4 | 5 | 6 | 7
FL_63_DO_Globalpolicies,FL_63_DO_Globalpolicies: FL_63 - Block Randomizer - Display Order - Globalpolicies,1
FL_63_DO_Inheritance&wealth,FL_63_DO_Inheritance&wealth: FL_63 - Block Randomizer - Display Order - Inheritance&wealth,1
FL_65_DO_Parameterscustomredistr,FL_65_DO_Parameterscustomredistr: FL_65 - Block Randomizer - Display Order - Parameterscustomredistr,1
FL_65_DO_Customredistr,FL_65_DO_Customredistr: FL_65 - Block Randomizer - Display Order - Customredistr,1
GCS_DO_gcs_support_no_info,GCS_DO_gcs_support_no_info: GCS - Display Order - gcs_support_no_info,1
GCS_DO_gcs_support_info,GCS_DO_gcs_support_info: GCS - Display Order - gcs_support_info,1
Wealthtaxdependingonsetsofcountries_DO_national_tax_support,Wealthtaxdependingonsetsofcountries_DO_national_tax_support: Wealth tax depending on sets of countries - Display Order - national_tax_support,1
Wealthtaxdependingonsetsofcountries_DO_solidary_tax_support,Wealthtaxdependingonsetsofcountries_DO_solidary_tax_support: Wealth tax depending on sets of countries - Display Order - solidary_tax_support,1
Wealthtaxdependingonsetsofcountries_DO_intl_tax_support,Wealthtaxdependingonsetsofcountries_DO_intl_tax_support: Wealth tax depending on sets of countries - Display Order - intl_tax_support,1
Sustainablefuture_DO_sustainable_future_a,Sustainablefuture_DO_sustainable_future_a: Sustainable future - Display Order - sustainable_future_a,1
Sustainablefuture_DO_sustainable_future_n,Sustainablefuture_DO_sustainable_future_n: Sustainable future - Display Order - sustainable_future_n,1
Sustainablefuture_DO_sustainable_future_e,Sustainablefuture_DO_sustainable_future_e: Sustainable future - Display Order - sustainable_future_e,1
Radicaltax_DO_top8_tax_support,Radicaltax_DO_top8_tax_support: Radical tax - Display Order - top8_tax_support,1
Radicaltax_DO_top5_tax_support,Radicaltax_DO_top5_tax_support: Radical tax - Display Order - top5_tax_support,1
Syntheticquestions_DO_group_defended_world,Syntheticquestions_DO_group_defended_world: Synthetic questions - Display Order - group_defended_world,1
Syntheticquestions_DO_group_defended,Syntheticquestions_DO_group_defended: Synthetic questions - Display Order - group_defended,1
